,Date,Yahoo,Microsoft,Google,Facebook,Apple
1257,2011-01-03,16.75,27.98,604.35103,50.84,329.57
1256,2011-01-04,16.59,28.09,602.121019,50.849999,331.290012
1255,2011-01-05,16.91,28.00,609.071056,51.049995,334.000008
1254,2011-01-06,17.059999,28.82,613.501059,51.629997,333.729988
1253,2011-01-07,16.90,28.60,616.441059,52.049996,336.120003
1252,2011-01-10,16.60,28.219999,614.211048,51.909998,342.450001
1251,2011-01-11,16.58,28.110001,616.011046,52.18,341.639996
1250,2011-01-12,16.65,28.549999,616.871071,52.54,344.420006
1249,2011-01-13,16.75,28.190001,616.691077,52.659997,345.680008
1248,2011-01-14,16.809999,28.299999,624.181096,53.159999,348.479992
1247,2011-01-18,16.50,28.66,639.631089,53.689996,340.650013
1246,2011-01-19,16.309999,28.469999,631.751064,52.989997,338.840012
1245,2011-01-20,16.23,28.35,626.771094,52.959998,332.680004
1244,2011-01-21,15.97,28.02,611.831063,53.029995,326.720001
1243,2011-01-24,16.09,28.379999,611.081068,53.499998,337.449993
1242,2011-01-25,16.02,28.450001,619.911054,53.799995,341.39999
1241,2011-01-26,15.57,28.780001,616.501036,53.699999,343.850006
1240,2011-01-27,16.200001,28.870001,616.79106,54.16,343.209991
1239,2011-01-28,15.83,27.75,600.991004,52.449998,336.100002
1238,2011-01-31,16.120001,27.73,600.361026,53.289999,339.319996
1237,2011-02-01,16.379999,27.99,611.041063,54.319999,345.030006
1236,2011-02-02,16.57,27.940001,612.00107,54.599995,344.320004
1235,2011-02-03,16.690001,27.65,610.151019,55.619996,343.44001
1234,2011-02-04,16.790001,27.77,610.981024,55.759994,346.50
1233,2011-02-07,16.799999,28.200001,614.291059,56.209996,351.87999
1232,2011-02-08,16.60,28.280001,618.381046,56.539997,355.200012
1231,2011-02-09,16.43,27.969999,616.501036,48.429999,358.16
1230,2011-02-10,16.620001,27.50,616.441059,48.099999,354.539997
1229,2011-02-11,16.85,27.25,624.501078,47.919994,356.85001
1228,2011-02-14,16.889999,27.23,628.151067,47.659999,359.179996
1227,2011-02-15,17.200001,26.959999,624.151076,47.379999,359.900013
1226,2011-02-16,17.76,27.02,624.22104,48.149999,363.129993
1225,2011-02-17,17.77,27.209999,625.261058,48.459999,358.300003
1224,2011-02-18,17.66,27.059999,630.081068,48.939996,350.560013
1223,2011-02-22,16.91,26.59,610.211058,47.45,338.609993
1222,2011-02-23,16.58,26.59,611.321039,47.349995,342.619991
1221,2011-02-24,16.370001,26.77,608.821038,47.479999,342.879997
1220,2011-02-25,16.50,26.549999,610.04105,48.589998,348.160011
1219,2011-02-28,16.40,26.58,613.401076,48.129998,353.210007
1218,2011-03-01,16.10,26.16,600.761019,47.309997,349.309998
1217,2011-03-02,16.629999,26.08,600.791038,47.849997,352.119995
1216,2011-03-03,16.860001,26.200001,609.561046,48.48,359.560005
1215,2011-03-04,17.08,25.950001,600.621031,47.739999,359.999989
1214,2011-03-07,16.700001,25.719999,591.661043,47.249999,355.359989
1213,2011-03-08,16.940001,25.91,592.310993,47.99,355.759998
1212,2011-03-09,17.65,25.889999,591.771012,48.080002,352.46999
1211,2011-03-10,17.059999,25.41,580.300975,47.179998,346.669991
1210,2011-03-11,17.42,25.68,576.710964,47.700001,351.990005
1209,2011-03-14,17.309999,25.690001,569.990973,46.769997,353.560001
1208,2011-03-15,16.33,25.389999,569.560961,46.569996,345.429989
1207,2011-03-16,15.91,24.790001,557.100958,45.789998,330.01001
1206,2011-03-17,15.86,24.780001,561.360953,46.359997,334.639996
1205,2011-03-18,16.030001,24.799999,561.060943,47.290001,330.669998
1204,2011-03-21,16.290001,25.33,576.501012,48.589998,339.299995
1203,2011-03-22,16.360001,25.299999,577.32097,48.049998,341.200012
1202,2011-03-23,16.129999,25.540001,582.161012,48.339997,339.190006
1201,2011-03-24,16.83,25.809999,586.891025,48.919995,344.970005
1200,2011-03-25,16.959999,25.620001,579.741022,49.169996,351.540009
1199,2011-03-28,16.58,25.41,575.361011,48.489998,350.44001
1198,2011-03-29,16.75,25.49,581.731,48.889995,350.959995
1197,2011-03-30,16.74,25.610001,581.840969,48.979998,348.630009
1196,2011-03-31,16.68,25.389999,586.761023,48.729996,348.510006
1195,2011-04-01,16.84,25.48,591.801031,49.38,344.560009
1194,2011-04-04,16.870001,25.549999,587.681025,49.400001,341.189999
1193,2011-04-05,17.110001,25.780001,569.091004,49.58,338.889999
1192,2011-04-06,17.049999,26.15,574.181004,49.739999,338.039993
1191,2011-04-07,17.00,26.200001,580.000965,49.819999,338.079994
1190,2011-04-08,16.77,26.07,578.160961,49.549997,335.060005
1189,2011-04-11,16.59,25.98,577.370961,49.189997,330.799988
1188,2011-04-12,16.360001,25.639999,570.610965,48.719998,332.399998
1187,2011-04-13,16.639999,25.629999,576.281013,48.909996,336.12999
1186,2011-04-14,16.690001,25.42,578.510962,49.630001,332.419998
1185,2011-04-15,16.620001,25.370001,530.700938,50.049999,327.459991
1184,2011-04-18,16.35,25.08,526.840874,49.419997,331.849998
1183,2011-04-19,16.120001,25.15,521.530875,49.689995,337.859989
1182,2011-04-20,16.870001,25.76,525.730893,49.329999,342.41
1181,2011-04-21,16.85,25.52,525.100915,49.129998,350.699989
1180,2011-04-25,17.110001,25.610001,525.050923,49.409999,353.010002
1179,2011-04-26,17.280001,26.190001,532.820918,49.66,350.42001
1178,2011-04-27,17.26,26.379999,537.760944,50.539999,350.14999
1177,2011-04-28,17.51,26.709999,537.970896,50.79,346.749992
1176,2011-04-29,17.700001,25.92,544.100914,50.979998,350.12999
1175,2011-05-02,18.139999,25.66,538.56093,50.549997,346.279995
1174,2011-05-03,17.92,25.809999,533.890895,44.029996,348.200012
1173,2011-05-04,18.200001,26.059999,535.790937,43.959999,349.570004
1172,2011-05-05,18.43,25.790001,534.270915,43.469999,346.749992
1171,2011-05-06,18.65,25.870001,535.300948,43.509997,346.660004
1170,2011-05-09,18.559999,25.83,537.680933,43.699999,347.599998
1169,2011-05-10,18.549999,25.67,542.660903,44.989999,349.450001
1168,2011-05-11,17.200001,25.360001,535.450922,44.269999,347.230003
1167,2011-05-12,17.17,25.32,535.050929,45.039999,346.569988
1166,2011-05-13,16.549999,25.030001,529.550889,44.659998,340.499996
1165,2011-05-16,15.81,24.57,518.420868,44.049997,333.299992
1164,2011-05-17,16.00,24.52,530.460905,44.419995,336.140003
1163,2011-05-18,15.96,24.690001,529.810894,44.509997,339.869995
1162,2011-05-19,16.35,24.719999,531.250905,44.360001,340.53001
1161,2011-05-20,16.299999,24.49,524.030877,44.579998,335.220009
1160,2011-05-23,16.059999,24.17,518.39091,43.590001,334.39999
1159,2011-05-24,16.139999,24.15,518.260907,43.499998,332.190006
1158,2011-05-25,16.15,24.190001,519.670899,44.089999,336.779991
1157,2011-05-26,15.98,24.67,518.130905,38.379999,335.000004
1156,2011-05-27,16.02,24.76,520.900897,40.040001,337.409992
1155,2011-05-31,16.549999,25.01,529.020894,39.889996,347.82999
1154,2011-06-01,15.85,24.43,525.60089,39.25,345.509991
1153,2011-06-02,16.02,24.219999,528.060886,39.189997,346.099991
1152,2011-06-03,15.68,23.91,523.080917,38.470002,343.44001
1151,2011-06-06,15.45,24.01,521.060919,37.879999,338.039993
1150,2011-06-07,15.45,24.059999,519.030874,37.999998,332.039989
1149,2011-06-08,15.10,23.940001,519.170862,37.679998,332.239994
1148,2011-06-09,15.22,23.959999,516.730899,38.379999,331.48999
1147,2011-06-10,15.20,23.709999,509.510871,37.689996,325.900009
1146,2011-06-13,15.16,24.040001,504.730868,37.90,326.599998
1145,2011-06-14,15.20,24.219999,508.37087,38.48,332.439999
1144,2011-06-15,14.81,23.74,502.950872,38.199999,326.749989
1143,2011-06-16,14.78,24.00,500.370859,38.450001,325.159992
1142,2011-06-17,14.70,24.26,485.020818,38.499996,320.259987
1141,2011-06-20,14.99,24.469999,484.58082,38.549997,315.320007
1140,2011-06-21,15.35,24.76,493.000857,39.099995,325.299995
1139,2011-06-22,15.23,24.65,487.010827,38.270001,322.610001
1138,2011-06-23,15.08,24.629999,480.220812,37.699999,331.230011
1137,2011-06-24,14.89,24.299999,474.880824,37.089998,326.350006
1136,2011-06-27,14.88,25.200001,482.800824,37.179998,332.039989
1135,2011-06-28,14.95,25.799999,493.650838,37.199999,335.26001
1134,2011-06-29,14.89,25.620001,497.570848,37.429999,334.040009
1133,2011-06-30,15.04,26.00,506.380861,37.959999,335.670006
1132,2011-07-01,15.45,26.02,521.0309,38.359998,343.260006
1131,2011-07-05,15.49,26.030001,532.440897,38.090001,349.43
1130,2011-07-06,15.72,26.33,535.360925,38.07,351.759987
1129,2011-07-07,15.81,26.77,546.600915,38.270001,357.200005
1128,2011-07-08,15.61,26.92,531.990913,37.819998,359.709995
1127,2011-07-11,15.05,26.629999,527.280934,37.119997,354.000011
1126,2011-07-12,14.86,26.540001,534.010911,37.009996,353.749992
1125,2011-07-13,14.91,26.629999,538.26092,36.81,358.019997
1124,2011-07-14,14.63,26.469999,528.940883,36.72,357.770004
1123,2011-07-15,14.69,26.780001,597.621053,36.650001,364.919994
1122,2011-07-18,14.42,26.59,594.940997,36.27,373.800011
1121,2011-07-19,14.59,27.540001,602.551031,36.959998,376.849987
1120,2011-07-20,13.48,27.059999,595.351037,37.169997,386.89999
1119,2011-07-21,13.59,27.10,606.99102,37.879999,387.290012
1118,2011-07-22,13.98,27.530001,618.231071,37.929999,393.300003
1117,2011-07-25,13.69,27.91,618.981066,36.879999,398.499989
1116,2011-07-26,13.94,28.08,622.521085,36.689998,403.410007
1115,2011-07-27,13.59,27.33,607.221066,35.509998,392.59
1114,2011-07-28,13.50,27.719999,610.941019,35.339998,391.819996
1113,2011-07-29,13.10,27.40,603.691033,35.279997,390.479992
1112,2011-08-01,13.10,27.27,606.771021,34.439998,396.749989
1111,2011-08-02,12.76,26.799999,592.40099,33.999999,388.909996
1110,2011-08-03,13.02,26.92,601.171059,33.739999,392.57
1109,2011-08-04,12.00,25.940001,577.520997,32.90,377.369999
1108,2011-08-05,11.74,25.68,579.041019,33.49,373.620007
1107,2011-08-08,11.09,24.48,546.020929,30.839999,353.210007
1106,2011-08-09,12.09,25.58,573.410976,31.969999,374.010002
1105,2011-08-10,11.77,24.200001,549.01092,28.239999,363.690006
1104,2011-08-11,12.86,25.190001,562.130981,29.359999,373.700008
1103,2011-08-12,13.59,25.10,563.770958,29.24,376.98999
1102,2011-08-15,13.47,25.51,557.230961,30.069998,383.410004
1101,2011-08-16,13.48,25.35,539.000928,29.92,380.480003
1100,2011-08-17,13.47,25.25,533.150886,29.69,380.440002
1099,2011-08-18,12.96,24.67,504.880873,28.279999,366.050007
1098,2011-08-19,12.92,24.049999,490.920851,26.919999,356.029991
1097,2011-08-22,12.84,23.98,498.170868,27.719998,356.439987
1096,2011-08-23,13.35,24.719999,518.820861,29.02,373.600006
1095,2011-08-24,13.15,24.90,523.290869,29.339998,376.180012
1094,2011-08-25,12.87,24.57,520.040873,28.329999,373.720009
1093,2011-08-26,12.74,25.25,526.860908,28.829999,383.579994
1092,2011-08-29,13.68,25.84,539.080939,30.389999,389.969994
1091,2011-08-30,13.84,26.23,540.700944,30.839999,389.989994
1090,2011-08-31,13.61,26.60,540.960948,30.659999,384.830009
1089,2011-09-01,13.35,26.209999,532.500936,29.92,381.030003
1088,2011-09-02,12.87,25.799999,524.84091,28.589999,374.050003
1087,2011-09-06,12.91,25.51,522.180887,27.649999,379.740013
1086,2011-09-07,13.61,26.00,534.030944,29.209998,383.929989
1085,2011-09-08,14.44,26.219999,534.960932,28.43,384.140007
1084,2011-09-09,14.48,25.74,524.850896,27.629998,377.479988
1083,2011-09-12,14.26,25.889999,530.12089,27.899998,379.939991
1082,2011-09-13,14.26,26.040001,529.520931,28.179998,384.619991
1081,2011-09-14,14.55,26.50,532.070924,28.299998,389.299992
1080,2011-09-15,14.89,26.99,542.56092,28.84,392.959995
1079,2011-09-16,14.97,27.120001,546.680926,29.279999,400.500008
1078,2011-09-19,14.61,27.209999,546.67094,28.61,411.630009
1077,2011-09-20,14.36,26.98,546.630935,28.139999,413.449997
1076,2011-09-21,13.96,25.99,539.200955,26.959998,412.140007
1075,2011-09-22,13.99,25.059999,520.660865,26.029999,401.820011
1074,2011-09-23,14.71,25.059999,525.510893,26.04,404.299988
1073,2011-09-26,14.75,25.440001,531.89093,27.219998,403.170002
1072,2011-09-27,14.54,25.67,539.340943,27.869999,399.260006
1071,2011-09-28,14.19,25.58,528.8409,27.04,397.009995
1070,2011-09-29,13.42,25.450001,527.500933,27.629998,390.570007
1069,2011-09-30,13.17,24.889999,515.04087,26.85,381.319996
1068,2011-10-03,13.53,24.530001,495.520861,26.599998,374.600002
1067,2011-10-04,14.46,25.34,501.900867,27.370001,372.500008
1066,2011-10-05,15.92,25.889999,504.700879,28.089999,378.249992
1065,2011-10-06,15.65,26.34,514.710902,28.919999,377.369999
1064,2011-10-07,15.47,26.25,515.120881,28.589999,369.799999
1063,2011-10-10,15.84,26.940001,537.17091,29.749998,388.809994
1062,2011-10-11,15.86,27.00,543.180912,29.819999,400.289989
1061,2011-10-12,15.77,26.959999,548.500958,30.399999,402.190006
1060,2011-10-13,15.93,27.18,558.990954,30.059998,408.429989
1059,2011-10-14,15.91,27.27,591.681015,30.60,421.999992
1058,2011-10-17,15.70,26.98,582.41097,29.589999,419.990013
1057,2011-10-18,15.47,27.309999,590.510994,30.11,422.239998
1056,2011-10-19,15.94,27.129999,580.700968,29.359999,398.619991
1055,2011-10-20,16.18,27.040001,583.670987,29.269999,395.310009
1054,2011-10-21,16.120001,27.16,590.491022,30.029999,392.870007
1053,2011-10-24,16.709999,27.190001,596.421013,30.899999,405.770008
1052,2011-10-25,16.24,26.809999,583.161025,30.19,397.770012
1051,2011-10-26,16.299999,26.59,586.310977,30.619999,400.60001
1050,2011-10-27,16.629999,27.25,598.670996,32.81,404.69001
1049,2011-10-28,16.559999,26.98,600.141027,32.439997,404.949989
1048,2011-10-31,15.64,26.629999,592.641022,31.459998,404.779999
1047,2011-11-01,14.93,25.99,578.651012,29.92,396.51001
1046,2011-11-02,15.10,26.01,584.820974,30.339998,397.410004
1045,2011-11-03,15.48,26.530001,597.501037,32.40,403.07
1044,2011-11-04,15.24,26.25,596.141037,32.40,400.240002
1043,2011-11-07,15.69,26.799999,608.331048,32.279998,399.730003
1042,2011-11-08,15.97,27.16,612.341024,32.969999,406.229992
1041,2011-11-09,15.92,26.200001,600.95106,27.899998,395.279995
1040,2011-11-10,15.95,26.280001,595.081046,25.239998,385.220005
1039,2011-11-11,16.27,26.91,608.35102,26.479999,384.619991
1038,2011-11-14,16.00,26.76,613.001022,25.459998,379.260002
1037,2011-11-15,15.93,26.74,616.561075,26.319998,388.829994
1036,2011-11-16,15.72,26.07,611.471075,25.819998,384.770008
1035,2011-11-17,15.34,25.540001,600.871049,25.149998,377.41
1034,2011-11-18,15.38,25.299999,594.881019,25.209999,374.94001
1033,2011-11-21,14.99,25.00,580.941,24.839998,369.009995
1032,2011-11-22,14.97,24.790001,580.000965,24.489999,376.510006
1031,2011-11-23,14.94,24.469999,570.110989,22.999999,366.990002
1030,2011-11-25,15.10,24.299999,563.000991,22.93,363.570004
1029,2011-11-28,15.35,24.870001,588.190986,23.34,376.12001
1028,2011-11-29,15.70,24.84,582.930979,23.299998,373.199997
1027,2011-11-30,15.71,25.58,599.391032,24.43,382.199989
1026,2011-12-01,16.23,25.280001,613.77105,24.719999,387.93
1025,2011-12-02,16.049999,25.219999,620.361038,24.669999,389.700001
1024,2011-12-05,15.89,25.700001,625.651065,25.629997,393.01001
1023,2011-12-06,15.84,25.66,623.771056,25.339998,390.949989
1022,2011-12-07,15.62,25.60,623.391096,25.539999,389.09
1021,2011-12-08,15.61,25.40,616.051052,25.02,390.659996
1020,2011-12-09,15.94,25.700001,627.421106,25.95,393.62001
1019,2011-12-12,15.47,25.51,625.391061,25.239998,391.839996
1018,2011-12-13,15.42,25.76,625.631093,24.929998,388.809994
1017,2011-12-14,15.02,25.59,618.07105,24.929998,380.19001
1016,2011-12-15,15.16,25.559999,619.54108,25.459998,378.939995
1015,2011-12-16,14.96,26.00,625.961061,25.929999,381.019989
1014,2011-12-19,14.62,25.530001,621.831069,24.999999,382.210003
1013,2011-12-20,15.11,26.030001,630.371091,26.49,395.949997
1012,2011-12-21,15.99,25.76,625.821073,25.669999,396.450008
1011,2011-12-22,16.00,25.809999,629.701108,26.19,398.550003
1010,2011-12-23,16.190001,26.030001,633.141084,26.479999,403.330006
1009,2011-12-27,16.09,26.040001,640.251081,24.10,406.529999
1008,2011-12-28,15.78,25.82,639.701114,23.759998,402.640003
1007,2011-12-29,16.129999,26.02,642.401081,23.679999,405.120007
1006,2011-12-30,16.129999,25.959999,645.901096,23.70,405.000004
1005,2012-01-03,16.290001,26.77,665.411118,24.52,411.23
1004,2012-01-04,15.78,27.40,668.281154,24.489999,413.44001
1003,2012-01-05,15.64,27.68,659.011109,24.309999,418.029995
1002,2012-01-06,15.52,28.110001,650.021102,23.53,422.400002
1001,2012-01-09,15.46,27.74,622.461047,23.369999,421.73
1000,2012-01-10,15.51,27.84,623.141078,24.409999,423.239994
999,2012-01-11,15.53,27.719999,625.961061,24.579999,422.549992
998,2012-01-12,15.66,28.00,629.641069,24.879998,421.389992
997,2012-01-13,15.48,28.25,624.991068,24.15,419.810009
996,2012-01-17,15.43,28.26,628.581079,24.69,424.700001
995,2012-01-18,15.92,28.23,632.911098,25.519998,429.110008
994,2012-01-19,16.120001,28.120001,639.571112,26.09,427.750004
993,2012-01-20,15.96,29.709999,585.990995,26.10,420.300007
992,2012-01-23,15.68,29.73,585.520977,26.290001,427.409996
991,2012-01-24,15.69,29.34,580.931014,26.09,420.409996
990,2012-01-25,15.56,29.559999,569.490997,26.319998,446.659996
989,2012-01-26,15.53,29.50,568.100977,26.029999,444.62999
988,2012-01-27,15.74,29.23,579.980993,26.18,447.28001
987,2012-01-30,15.55,29.610001,577.691005,25.929999,453.009995
986,2012-01-31,15.47,29.530001,580.110995,25.829998,456.47998
985,2012-02-01,15.73,29.889999,580.83097,27.189999,456.189987
984,2012-02-02,15.72,29.950001,585.110998,27.26,455.120003
983,2012-02-03,15.92,30.24,596.331016,28.069997,459.68
982,2012-02-06,15.82,30.200001,609.091029,27.45,463.969978
981,2012-02-07,15.83,30.35,606.771021,26.479999,468.830009
980,2012-02-08,15.78,30.66,609.85107,31.389999,476.680016
979,2012-02-09,16.00,30.77,611.461028,32.939998,493.170006
978,2012-02-10,16.139999,30.50,605.911058,32.469999,493.419998
977,2012-02-13,16.120001,30.58,612.201036,32.369998,502.600021
976,2012-02-14,15.37,30.25,609.761073,32.599996,509.459991
975,2012-02-15,15.12,30.049999,605.561056,32.969999,497.669975
974,2012-02-16,15.36,31.290001,606.521064,33.259998,502.209999
973,2012-02-17,15.01,31.25,604.641054,33.08,502.12001
972,2012-02-21,14.75,31.440001,614.001035,31.969999,514.850021
971,2012-02-22,14.50,31.27,607.941041,31.889999,513.039993
970,2012-02-23,14.78,31.370001,606.111023,32.279998,516.389977
969,2012-02-24,14.89,31.48,609.901062,32.089998,522.409981
968,2012-02-27,14.86,31.35,609.311028,32.349997,525.760017
967,2012-02-28,14.90,31.870001,618.391032,32.229998,535.410011
966,2012-02-29,14.83,31.74,618.251043,31.759999,542.440025
965,2012-03-01,14.93,32.290001,622.401069,31.849999,544.469978
964,2012-03-02,14.72,32.080002,621.251082,31.319998,545.180008
963,2012-03-05,14.62,31.799999,614.251053,31.929999,533.160027
962,2012-03-06,14.42,31.559999,604.961036,31.009998,530.259987
961,2012-03-07,14.62,31.84,606.80104,30.929999,530.69001
960,2012-03-08,14.62,32.009998,607.141056,31.290001,541.989975
959,2012-03-09,14.63,31.99,600.251057,31.469999,545.170021
958,2012-03-12,14.49,32.040001,605.151016,31.149998,551.999977
957,2012-03-13,14.55,32.669998,617.781087,31.45,568.099998
956,2012-03-14,14.63,32.77,615.991074,31.069999,589.580009
955,2012-03-15,14.89,32.849998,621.131066,32.099996,585.559998
954,2012-03-16,15.18,32.599998,625.041059,31.599998,585.569984
953,2012-03-19,15.15,32.200001,633.981075,31.509998,601.100006
952,2012-03-20,15.41,31.99,633.491085,30.469998,605.959984
951,2012-03-21,15.51,31.91,639.981091,30.86,602.499985
950,2012-03-22,15.49,32.00,646.051131,30.41,599.340019
949,2012-03-23,15.39,32.009998,642.591122,30.69,596.050011
948,2012-03-26,15.54,32.59,649.331085,31.079999,606.97998
947,2012-03-27,15.43,32.52,647.021125,31.109999,614.480019
946,2012-03-28,15.32,32.189999,655.761114,30.519998,617.62001
945,2012-03-29,15.30,32.119999,648.411083,30.28,609.859993
944,2012-03-30,15.22,32.259998,641.241108,29.939999,599.550011
943,2012-04-02,15.46,32.290001,646.921081,30.129997,618.63002
942,2012-04-03,15.18,31.940001,642.621081,29.669999,629.319984
941,2012-04-04,15.27,31.209999,635.151095,28.999999,624.30999
940,2012-04-05,15.07,31.52,632.321064,29.349998,633.679977
939,2012-04-09,15.10,31.10,630.841109,28.62,636.229996
938,2012-04-10,14.99,30.469999,626.861091,28.179998,628.440018
937,2012-04-11,14.88,30.35,635.961067,27.389997,626.20002
936,2012-04-12,15.06,30.98,651.011129,27.689999,622.769981
935,2012-04-13,14.87,30.809999,624.601061,27.019999,605.22998
934,2012-04-16,14.79,31.08,606.071018,27.36,580.13002
933,2012-04-17,15.01,31.440001,609.571032,27.689999,609.699989
932,2012-04-18,15.49,31.139999,607.451052,27.85,608.340012
931,2012-04-19,15.40,31.01,599.301036,27.559999,587.439987
930,2012-04-20,15.60,32.419998,596.061026,27.26,572.980003
929,2012-04-23,15.33,32.119999,597.60102,26.799997,571.699974
928,2012-04-24,15.43,31.92,601.271042,27.109999,560.280006
927,2012-04-25,15.50,32.200001,609.721068,27.769998,610.000023
926,2012-04-26,15.53,32.110001,615.471065,27.999999,607.699997
925,2012-04-27,15.57,31.98,614.981076,28.479998,603.000023
924,2012-04-30,15.54,32.02,604.851067,28.059999,583.979988
923,2012-05-01,15.63,32.009998,604.431041,28.379997,582.130013
922,2012-05-02,15.67,31.799999,607.261072,28.20,585.97998
921,2012-05-03,15.40,31.76,611.021029,27.999999,581.819992
920,2012-05-04,15.15,30.98,596.971042,27.209997,565.25
919,2012-05-07,15.35,30.65,607.551034,27.249999,569.480003
918,2012-05-08,15.36,30.50,612.79107,26.999998,568.18
917,2012-05-09,15.30,30.76,609.151067,27.18,569.180023
916,2012-05-10,15.44,30.74,613.661081,26.999998,570.519974
915,2012-05-11,15.19,31.16,605.231027,27.109999,566.710007
914,2012-05-14,15.50,30.68,604.001029,26.59,558.219986
913,2012-05-15,15.40,30.209999,611.111026,26.37,553.169991
912,2012-05-16,15.28,29.90,628.93108,26.419998,546.080002
911,2012-05-17,14.87,29.719999,623.051081,25.77,530.12001
910,2012-05-18,15.42,29.27,600.401031,25.749999,530.37999
909,2012-05-21,15.58,29.75,614.111065,26.549998,561.279976
908,2012-05-22,15.29,29.76,600.801024,26.389999,556.970024
907,2012-05-23,15.38,29.110001,609.461063,26.67,570.559975
906,2012-05-24,15.35,29.07,603.661013,26.45,565.320015
905,2012-05-25,15.36,29.059999,591.53104,26.619999,562.289986
904,2012-05-29,15.47,29.559999,594.341038,27.299997,572.269974
903,2012-05-30,15.25,29.34,588.230992,26.909998,579.169998
902,2012-05-31,15.24,29.190001,580.86099,26.639998,577.730019
901,2012-06-01,14.92,28.450001,570.981,25.799999,560.989983
900,2012-06-04,15.01,28.549999,578.590973,25.50,564.289978
899,2012-06-05,15.10,28.51,570.410999,26.00,562.830025
898,2012-06-06,15.36,29.35,580.570966,26.36,571.460022
897,2012-06-07,15.36,29.23,578.230986,26.129997,571.720001
896,2012-06-08,15.65,29.65,580.451011,26.149998,580.319984
895,2012-06-11,15.30,28.90,568.50097,25.049997,571.169975
894,2012-06-12,15.47,29.290001,565.100939,24.79,576.159996
893,2012-06-13,15.34,29.129999,561.090963,24.20,572.160011
892,2012-06-14,15.36,29.34,559.050931,24.309999,571.529984
891,2012-06-15,15.36,30.02,564.510966,24.709998,574.12999
890,2012-06-18,15.49,29.84,570.850997,24.620001,585.779976
889,2012-06-19,15.65,30.700001,581.530973,24.679999,587.410027
888,2012-06-20,15.74,30.93,577.511011,24.709998,585.739975
887,2012-06-21,15.52,30.139999,565.210969,23.850001,577.669991
886,2012-06-22,15.61,30.700001,571.480976,23.899999,582.099998
885,2012-06-25,15.44,29.870001,560.700956,23.329999,570.77002
884,2012-06-26,15.35,30.02,564.680974,23.29,572.030022
883,2012-06-27,15.52,30.17,569.300956,23.659998,574.499985
882,2012-06-28,15.45,29.91,564.310939,23.759998,569.04998
881,2012-06-29,15.83,30.59,580.07099,24.819999,584.000015
880,2012-07-02,15.84,30.559999,580.470983,24.809999,592.519997
879,2012-07-03,15.98,30.76,587.830999,25.089999,599.409981
878,2012-07-05,15.85,30.700001,595.921037,24.999999,609.939995
877,2012-07-06,15.78,30.190001,585.981009,24.229999,605.879982
876,2012-07-09,15.75,30.00,586.011028,23.999999,613.889992
875,2012-07-10,15.82,29.74,581.700981,23.44,608.210022
874,2012-07-11,15.80,29.299999,571.190952,23.179999,604.430016
873,2012-07-12,15.69,28.629999,570.480963,23.059999,598.900009
872,2012-07-13,15.74,29.389999,576.520984,23.729999,604.970001
871,2012-07-16,15.65,29.440001,574.921012,23.329999,606.910019
870,2012-07-17,15.60,29.66,576.730997,23.450001,606.93998
869,2012-07-18,15.70,30.450001,580.761007,23.859999,606.260017
868,2012-07-19,15.73,30.67,593.060987,23.599999,614.320015
867,2012-07-20,15.92,30.120001,610.821064,23.35,604.300026
866,2012-07-23,15.76,29.280001,615.511071,22.809998,603.830002
865,2012-07-24,15.43,29.15,607.571068,22.499998,600.919975
864,2012-07-25,15.50,28.83,607.991033,22.729999,574.970009
863,2012-07-26,15.80,29.16,613.361071,23.589999,574.88002
862,2012-07-27,16.110001,29.76,634.961116,24.229999,585.159988
861,2012-07-30,15.98,29.639999,632.301092,24.29,595.030014
860,2012-07-31,15.84,29.469999,632.971076,24.620001,610.759987
859,2012-08-01,15.99,29.41,632.681113,24.499999,606.80999
858,2012-08-02,15.75,29.190001,628.751087,24.15,607.789986
857,2012-08-03,15.97,29.75,641.331105,24.83,615.70002
856,2012-08-06,16.040001,29.950001,642.821108,25.129999,622.550003
855,2012-08-07,16.219999,30.26,640.541105,25.519998,620.910019
854,2012-08-08,16.17,30.33,642.231074,29.529998,619.860008
853,2012-08-09,16.01,30.50,642.35109,30.51,620.729988
852,2012-08-10,15.15,30.42,642.001088,31.319998,621.699997
851,2012-08-13,15.02,30.389999,660.011122,31.409998,630.00
850,2012-08-14,14.73,30.129999,668.661175,31.339999,631.690025
849,2012-08-15,14.76,30.200001,667.541146,31.339999,630.829979
848,2012-08-16,14.99,30.780001,672.871179,32.069999,636.340012
847,2012-08-17,15.03,30.90,677.141159,32.679998,648.110001
846,2012-08-20,14.96,30.74,675.541188,32.979997,665.150017
845,2012-08-21,14.97,30.799999,669.511153,33.04,656.059982
844,2012-08-22,14.92,30.540001,677.181165,32.939998,668.869995
843,2012-08-23,14.87,30.26,676.801144,32.819998,662.630013
842,2012-08-24,14.92,30.559999,678.631162,32.99,663.219986
841,2012-08-27,14.85,30.690001,669.221129,32.979997,675.679977
840,2012-08-28,14.72,30.629999,677.25119,32.619997,674.800011
839,2012-08-29,14.84,30.65,688.011176,32.49,673.469994
838,2012-08-30,14.67,30.32,681.681192,32.199999,663.869987
837,2012-08-31,14.65,30.82,685.091148,32.209997,665.240005
836,2012-09-04,14.89,30.389999,681.041167,31.959998,674.970001
835,2012-09-05,15.09,30.389999,680.721185,32.36,670.230026
834,2012-09-06,15.11,31.35,699.401202,32.749999,676.270004
833,2012-09-07,15.22,30.950001,706.151212,33.04,680.43998
832,2012-09-10,15.11,30.719999,700.771188,33.089998,662.739975
831,2012-09-11,15.16,30.790001,692.19116,32.90,660.590019
830,2012-09-12,15.40,30.780001,690.881212,33.059999,669.790016
829,2012-09-13,15.60,30.940001,706.041182,33.549999,682.980011
828,2012-09-14,15.77,31.209999,709.681246,34.679999,691.280014
827,2012-09-17,15.68,31.209999,709.981194,34.179999,699.780022
826,2012-09-18,15.91,31.18,718.281246,33.689997,701.910004
825,2012-09-19,15.86,31.049999,727.501238,33.540001,702.100021
824,2012-09-20,15.79,31.450001,728.121231,33.059999,698.699997
823,2012-09-21,15.74,31.190001,733.991244,33.08,700.089989
822,2012-09-24,16.00,30.780001,749.38126,32.849998,690.790016
821,2012-09-25,15.68,30.389999,749.161261,31.989997,673.540009
820,2012-09-26,15.61,30.17,753.461322,31.929999,665.179977
819,2012-09-27,16.040001,30.16,756.501305,32.22,681.32
818,2012-09-28,15.98,29.76,754.501279,32.209997,667.100021
817,2012-10-01,15.83,29.49,761.781285,31.739998,659.389992
816,2012-10-02,15.94,29.66,756.991295,31.799997,661.309982
815,2012-10-03,16.209999,29.860001,762.501321,31.780001,671.449974
814,2012-10-04,16.27,30.030001,768.051291,31.799997,666.799988
813,2012-10-05,16.09,29.85,767.651298,31.879999,652.589996
812,2012-10-08,16.030001,29.780001,757.841272,31.929999,638.170013
811,2012-10-09,15.85,29.280001,744.091294,31.28,635.850014
810,2012-10-10,15.83,28.98,744.561251,31.329998,640.909996
809,2012-10-11,15.92,28.950001,751.481269,31.549998,628.099983
808,2012-10-12,15.88,29.200001,744.751292,31.419998,629.710007
807,2012-10-15,15.68,29.51,740.981287,31.749999,634.760002
806,2012-10-16,15.92,29.49,744.7013,32.240001,649.789986
805,2012-10-17,16.09,29.59,755.491306,32.419996,644.610001
804,2012-10-18,16.00,29.50,695.001219,32.099996,632.640007
803,2012-10-19,15.84,28.639999,681.791161,31.459998,609.840019
802,2012-10-22,15.77,28.00,678.671167,31.709997,634.029999
801,2012-10-23,16.67,28.049999,680.35115,31.169999,613.359993
800,2012-10-24,16.549999,27.90,677.301181,30.78,616.829979
799,2012-10-25,16.610001,27.879999,677.761151,30.739998,609.539986
798,2012-10-26,16.790001,28.209999,675.151181,30.59,603.999992
797,2012-10-31,16.84,28.540001,680.301158,30.449999,595.320007
796,2012-11-01,16.950001,29.52,687.59115,31.129997,596.540009
795,2012-11-02,17.110001,29.50,687.921179,31.119999,576.800011
794,2012-11-05,17.370001,29.629999,682.961182,31.459998,584.620003
793,2012-11-06,17.459999,29.860001,681.721197,36.799997,582.849976
792,2012-11-07,17.389999,29.08,667.12112,35.799999,558.000008
791,2012-11-08,17.24,28.809999,652.291119,35.33,537.749985
790,2012-11-09,17.26,28.83,663.031133,35.219999,547.059998
789,2012-11-12,17.51,28.219999,665.901169,35.24,542.829994
788,2012-11-13,17.85,27.09,659.051115,35.219999,542.900009
787,2012-11-14,17.83,26.84,652.551123,34.799998,536.880005
786,2012-11-15,17.889999,26.66,647.261096,34.43,525.619987
785,2012-11-16,17.860001,26.52,647.181085,34.47,527.680008
784,2012-11-19,18.360001,26.73,668.21113,35.909997,565.730011
783,2012-11-20,18.24,26.709999,669.971123,36.909998,560.909981
782,2012-11-21,18.40,26.950001,665.87115,36.86,561.700012
781,2012-11-23,18.57,27.700001,667.971158,37.90,571.500023
780,2012-11-26,18.76,27.389999,661.151123,37.789999,589.530022
779,2012-11-27,18.93,27.08,670.711131,37.589998,584.780006
778,2012-11-28,18.91,27.360001,683.67117,38.209998,582.940018
777,2012-11-29,18.870001,26.950001,691.891211,38.419997,589.359978
776,2012-11-30,18.77,26.620001,698.37117,38.060001,585.279991
775,2012-12-03,18.549999,26.43,695.251176,39.270001,586.190025
774,2012-12-04,18.93,26.370001,691.031187,38.489998,575.849976
773,2012-12-05,18.889999,26.67,687.821196,38.599997,538.790009
772,2012-12-06,19.200001,26.73,691.13117,38.769998,547.239975
771,2012-12-07,19.200001,26.459999,684.211152,38.869999,533.250015
770,2012-12-10,19.43,26.940001,685.421178,39.109997,529.819977
769,2012-12-11,19.52,27.32,696.881167,39.279999,541.390015
768,2012-12-12,19.379999,27.24,697.561198,39.84,539.00
767,2012-12-13,19.35,27.110001,702.701189,39.819999,529.689987
766,2012-12-14,19.639999,26.809999,701.961181,39.599997,509.789986
765,2012-12-17,19.690001,27.10,720.781248,40.580001,518.829979
764,2012-12-18,19.620001,27.559999,721.07121,40.229999,533.900017
763,2012-12-19,19.60,27.309999,720.111264,40.049999,526.30999
762,2012-12-20,19.690001,27.68,722.361247,39.909997,521.730019
761,2012-12-21,19.35,27.450001,715.631209,39.049999,519.330017
760,2012-12-24,19.65,27.059999,709.501191,39.240002,520.169983
759,2012-12-26,19.57,26.860001,708.871213,39.229999,512.999992
758,2012-12-27,19.60,26.959999,706.2912,39.240002,515.060013
757,2012-12-28,19.50,26.549999,700.011208,39.040001,509.589981
756,2012-12-31,19.90,26.709999,707.38121,40.049999,532.169991
755,2013-01-02,20.08,27.620001,723.25123,41.499998,549.029976
754,2013-01-03,19.780001,27.25,723.671256,41.569999,542.099991
753,2013-01-04,19.860001,26.74,737.971262,41.659997,526.999992
752,2013-01-07,19.40,26.690001,734.751286,41.220002,523.900002
751,2013-01-08,19.66,26.549999,733.301227,40.38,525.31002
750,2013-01-09,19.32,26.700001,738.121237,41.089997,517.100006
749,2013-01-10,18.99,26.459999,741.481263,41.679998,523.509979
748,2013-01-11,19.290001,26.83,739.99126,41.95,520.300026
747,2013-01-14,19.43,26.889999,723.25123,42.00,501.750015
746,2013-01-15,19.52,27.209999,724.931273,42.009998,485.920013
745,2013-01-16,20.07,27.040001,715.191211,41.639996,506.089981
744,2013-01-17,20.129999,27.25,711.321223,41.759997,502.680023
743,2013-01-18,20.02,27.25,704.511235,41.869996,500.000015
742,2013-01-22,19.90,27.15,702.871197,42.259995,504.770004
741,2013-01-23,20.110001,27.610001,741.501296,42.049996,514.010002
740,2013-01-24,20.440001,27.629999,754.211317,42.419998,450.499977
739,2013-01-25,20.370001,27.879999,753.671274,42.439995,439.880001
738,2013-01-28,20.309999,27.91,750.731274,42.599998,449.830002
737,2013-01-29,19.700001,28.01,753.681322,42.59,458.269981
736,2013-01-30,20.120001,27.85,753.831296,42.229996,456.830002
735,2013-01-31,19.629999,27.450001,755.691272,41.799999,455.489998
734,2013-02-01,19.76,27.93,775.601349,42.699999,453.619995
733,2013-02-04,19.34,27.440001,759.021279,41.909998,442.320004
732,2013-02-05,19.66,27.50,765.741331,45.749996,457.840012
731,2013-02-06,19.85,27.34,770.171333,45.749996,457.350014
730,2013-02-07,20.32,27.280001,773.951324,45.939999,468.220009
729,2013-02-08,20.50,27.549999,785.371369,45.70,474.980003
728,2013-02-11,20.90,27.860001,782.421322,46.049997,479.930023
727,2013-02-12,21.209999,27.879999,780.701335,46.539997,467.900002
726,2013-02-13,21.15,28.030001,782.861321,46.809999,467.009995
725,2013-02-14,21.18,28.040001,787.82138,47.609999,466.590012
724,2013-02-15,21.02,28.01,792.891346,48.069999,460.160011
723,2013-02-19,21.290001,28.049999,806.851398,48.799998,459.990021
722,2013-02-20,20.92,27.870001,792.461334,47.899998,448.850006
721,2013-02-21,20.83,27.49,795.531336,47.099998,446.060009
720,2013-02-22,21.219999,27.76,799.711381,47.659999,450.809998
719,2013-02-25,20.73,27.370001,790.771365,46.47,442.799988
718,2013-02-26,20.76,27.370001,790.13134,47.539998,448.970009
717,2013-02-27,21.16,27.809999,799.781345,48.179998,444.569988
716,2013-02-28,21.309999,27.799999,801.201384,48.029997,441.400009
715,2013-03-01,21.940001,27.950001,806.191401,48.27,430.470013
714,2013-03-04,22.700001,28.15,821.501406,48.289997,420.049988
713,2013-03-05,22.950001,28.35,838.601424,49.599997,431.139988
712,2013-03-06,22.799999,28.09,831.381396,49.349996,425.659996
711,2013-03-07,22.700001,28.139999,832.601408,49.849998,430.580002
710,2013-03-08,22.90,28.00,831.521445,49.759996,431.720001
709,2013-03-11,22.60,27.870001,834.821433,50.499997,437.869995
708,2013-03-12,22.40,27.91,827.611391,49.990001,428.429993
707,2013-03-13,22.34,27.92,825.311416,49.389998,428.349991
706,2013-03-14,22.43,28.139999,821.541411,49.779997,432.499992
705,2013-03-15,22.07,28.040001,814.301411,48.58,443.660007
704,2013-03-18,22.01,28.10,807.791372,48.319996,455.720016
703,2013-03-19,22.17,28.18,811.321406,48.139996,454.489975
702,2013-03-20,22.10,28.32,814.71139,49.099994,452.079987
701,2013-03-21,22.860001,28.110001,811.261367,48.489998,452.729988
700,2013-03-22,23.26,28.25,810.311407,48.459999,461.910011
699,2013-03-25,23.379999,28.16,809.641362,48.529995,463.580009
698,2013-03-26,23.59,28.16,812.421402,49.099994,461.140007
697,2013-03-27,23.59,28.370001,802.661367,48.939996,452.079987
696,2013-03-28,23.530001,28.610001,794.191369,49.229999,442.660011
695,2013-04-01,23.50,28.610001,801.191398,48.499996,428.910004
694,2013-04-02,23.780001,28.799999,813.041394,48.279999,429.789997
693,2013-04-03,23.379999,28.559999,806.201387,47.819998,431.989994
692,2013-04-04,23.52,28.60,795.071366,47.849997,427.71999
691,2013-04-05,23.299999,28.700001,783.051362,47.259997,423.199993
690,2013-04-08,23.48,28.59,774.851354,47.68,426.209995
689,2013-04-09,23.83,29.610001,777.651304,47.619997,426.98
688,2013-04-10,24.200001,30.280001,790.181331,48.609999,435.689999
687,2013-04-11,24.49,28.940001,790.391345,48.509994,434.329994
686,2013-04-12,24.690001,28.790001,790.051329,46.689998,429.800011
685,2013-04-15,23.98,28.690001,781.931333,45.24,419.85001
684,2013-04-16,23.790001,28.969999,793.37135,46.399999,426.240009
683,2013-04-17,23.700001,28.83,782.561372,44.969998,402.800007
682,2013-04-18,23.26,28.790001,765.911339,44.459997,392.049988
681,2013-04-19,23.469999,29.77,799.871342,44.229997,390.530006
680,2013-04-22,23.950001,30.83,800.111374,44.310001,398.670006
679,2013-04-23,24.379999,30.60,807.901403,45.209996,406.12999
678,2013-04-24,24.75,31.76,813.451373,45.399999,405.459988
677,2013-04-25,25.200001,31.940001,809.101381,45.669996,408.380001
676,2013-04-26,24.68,31.790001,801.421383,45.599995,417.199989
675,2013-04-29,24.43,32.610001,819.061382,46.369995,430.119991
674,2013-04-30,24.73,33.099998,824.571408,46.849997,442.779987
673,2013-05-01,24.299999,32.720001,820.431429,45.889998,439.290001
672,2013-05-02,24.969999,33.16,829.611416,46.759995,445.519997
671,2013-05-03,25.07,33.490002,845.721469,47.279998,449.980019
670,2013-05-06,25.17,33.75,861.551483,47.830001,460.709984
669,2013-05-07,26.07,33.310001,857.231449,47.999998,458.660004
668,2013-05-08,26.41,32.990002,873.631526,48.699997,463.839989
667,2013-05-09,26.24,32.66,871.481464,48.830001,456.769974
666,2013-05-10,26.83,32.689999,880.2315,49.289997,452.969994
665,2013-05-13,26.389999,33.029999,877.531533,48.789999,454.740021
664,2013-05-14,26.639999,33.529999,887.101527,49.489998,443.860012
663,2013-05-15,27.34,33.849998,915.89158,44.709998,428.850002
662,2013-05-16,26.58,34.080002,903.871576,42.59,434.580013
661,2013-05-17,26.52,34.869999,909.181575,44.599995,433.26001
660,2013-05-20,26.58,35.080002,908.531564,44.65,442.930004
659,2013-05-21,27.00,34.849998,906.971536,44.299998,439.659996
658,2013-05-22,26.540001,34.610001,889.421534,43.459996,441.349995
657,2013-05-23,26.02,34.150002,882.79154,43.659997,442.139999
656,2013-05-24,26.33,34.27,873.321468,43.259995,445.150002
655,2013-05-28,26.07,35.02,881.271518,43.199997,441.44001
654,2013-05-29,25.809999,34.880001,868.311479,43.549999,444.949997
653,2013-05-30,26.33,35.029999,870.761489,44.319999,451.580002
652,2013-05-31,26.299999,34.900002,871.221521,44.609998,449.730026
651,2013-06-03,26.389999,35.59,867.63151,44.70,450.720009
650,2013-06-04,26.26,34.990002,859.101473,44.819997,449.30999
649,2013-06-05,25.75,34.779999,859.701493,44.70,445.110001
648,2013-06-06,26.209999,34.959999,864.641457,45.419995,438.459995
647,2013-06-07,27.040001,35.669998,879.731524,46.739998,441.810005
646,2013-06-10,26.74,35.470001,890.22152,46.069998,438.889992
645,2013-06-11,26.40,34.84,879.811535,45.119998,437.600002
644,2013-06-12,25.889999,35.00,871.981501,44.150002,432.189999
643,2013-06-13,26.370001,34.720001,877.001476,44.609998,435.959991
642,2013-06-14,26.280001,34.400002,875.041517,44.859999,430.050003
641,2013-06-17,26.540001,35.00,886.251549,45.199998,432.000008
640,2013-06-18,26.66,34.98,900.621519,45.689998,431.769989
639,2013-06-19,26.24,34.59,900.681558,45.589997,422.999989
638,2013-06-20,25.35,33.490002,884.741513,44.360001,416.840008
637,2013-06-21,25.190001,33.27,880.931503,44.349998,413.500011
636,2013-06-24,24.07,33.720001,869.791496,43.049996,402.540001
635,2013-06-25,24.959999,33.669998,866.201484,43.729999,402.62999
634,2013-06-26,25.290001,34.349998,873.651498,44.039998,398.069992
633,2013-06-27,25.469999,34.619999,877.071501,44.679999,393.779987
632,2013-06-28,25.129999,34.540001,880.371488,43.770001,396.53001
631,2013-07-01,25.24,34.360001,887.88154,44.599995,409.219994
630,2013-07-02,24.99,33.939999,882.311537,44.509997,418.490005
629,2013-07-03,25.59,34.009998,886.431543,45.579999,420.799992
628,2013-07-05,25.68,34.209999,893.491549,46.459998,417.419994
627,2013-07-08,25.530001,34.330002,905.091527,47.060001,415.050007
626,2013-07-09,26.68,34.349998,905.241563,47.279998,422.349987
625,2013-07-10,26.559999,34.700001,905.991557,47.389997,420.730003
624,2013-07-11,27.040001,35.689999,920.241572,47.700001,427.289993
623,2013-07-12,27.23,35.669998,923.001578,47.789999,426.510002
622,2013-07-15,27.34,36.169998,924.691608,47.639998,427.44001
621,2013-07-16,26.879999,36.27,919.611594,46.779996,430.199993
620,2013-07-17,29.66,35.740002,918.551603,46.689998,430.310009
619,2013-07-18,29.66,35.439999,910.681564,46.889999,431.760002
618,2013-07-19,29.110001,31.40,896.601557,47.389997,424.949993
617,2013-07-22,27.860001,32.009998,910.701536,47.549996,426.309998
616,2013-07-23,27.360001,31.82,903.801551,47.470001,418.98999
615,2013-07-24,27.84,31.959999,902.901521,47.529995,440.510002
614,2013-07-25,28.27,31.389999,887.701547,47.919994,438.499996
613,2013-07-26,28.110001,31.620001,885.351519,47.759995,440.990013
612,2013-07-29,27.93,31.540001,882.271531,47.319996,447.790009
611,2013-07-30,28.049999,31.85,890.921523,47.50,453.320015
610,2013-07-31,28.09,31.84,887.751538,47.659999,452.529984
609,2013-08-01,27.959999,31.67,904.221578,49.240002,456.679985
608,2013-08-02,27.65,31.889999,906.571544,49.389998,462.539986
607,2013-08-05,27.67,31.700001,905.00153,50.189997,469.449997
606,2013-08-06,27.32,31.58,896.571537,49.959997,465.250008
605,2013-08-07,27.389999,32.060001,890.651532,54.199997,464.979988
604,2013-08-08,27.48,32.889999,892.661544,52.150001,461.010017
603,2013-08-09,27.68,32.700001,890.4115,52.079999,454.449974
602,2013-08-12,28.35,32.869999,885.511541,52.13,467.360016
601,2013-08-13,28.34,32.23,881.251485,52.269998,489.569977
600,2013-08-14,28.049999,32.349998,869.811468,52.209999,498.500008
599,2013-08-15,27.139999,31.790001,859.661487,51.299996,497.909981
598,2013-08-16,27.32,31.799999,856.911467,51.549998,502.330002
597,2013-08-19,26.91,31.389999,865.651456,51.02,507.740005
596,2013-08-20,27.120001,31.620001,865.421471,52.099996,501.07
595,2013-08-21,27.059999,31.610001,869.331464,50.719999,502.360016
594,2013-08-22,27.90,32.389999,873.711475,51.59,502.959976
593,2013-08-23,27.99,34.75,870.211522,51.529997,501.020012
592,2013-08-26,27.700001,34.150002,866.391464,51.33,502.970016
591,2013-08-27,27.00,33.259998,850.151471,50.129999,488.589981
590,2013-08-28,27.110001,33.02,848.551438,50.009997,490.899994
589,2013-08-29,27.299999,33.549999,855.431451,50.349996,491.700012
588,2013-08-30,27.120001,33.400002,846.901475,50.15,487.220016
587,2013-09-03,27.780001,31.879999,860.381462,50.459995,488.579994
586,2013-09-04,28.07,31.200001,871.6315,50.819999,498.690025
585,2013-09-05,28.23,31.23,879.561517,50.659996,495.269974
584,2013-09-06,28.17,31.15,879.581489,50.489999,498.220001
583,2013-09-09,29.24,31.66,888.051548,50.810001,506.169983
582,2013-09-10,29.48,32.389999,888.67154,50.849999,494.639999
581,2013-09-11,29.190001,32.740002,896.191517,52.299997,467.709984
580,2013-09-12,29.65,32.689999,893.061537,51.439999,472.690018
579,2013-09-13,29.26,33.029999,889.071533,51.619999,464.899986
578,2013-09-16,29.620001,32.799999,887.761524,52.649999,450.119995
577,2013-09-17,30.00,32.93,886.1115,53.009998,455.320007
576,2013-09-18,30.440001,33.32,903.321548,53.319998,464.680008
575,2013-09-19,31.030001,33.639999,898.391569,52.740001,472.299995
574,2013-09-20,30.93,32.790001,903.111535,52.009998,467.410004
573,2013-09-23,30.26,32.740002,886.501507,51.790001,490.640015
572,2013-09-24,31.27,32.450001,886.841522,51.899999,489.100006
571,2013-09-25,31.34,32.509998,877.231523,51.749999,481.530006
570,2013-09-26,32.75,32.77,878.171497,51.810002,486.219994
569,2013-09-27,33.549999,33.27,876.391532,52.019996,482.750008
568,2013-09-30,33.169998,33.279999,875.911528,51.74,476.749977
567,2013-10-01,34.310001,33.580002,887.001544,51.990002,487.960007
566,2013-10-02,34.139999,33.919998,887.991509,52.150001,489.55999
565,2013-10-03,33.880001,33.860001,876.091522,51.549998,483.409996
564,2013-10-04,34.889999,33.880001,872.351475,51.919996,483.030014
563,2013-10-07,34.139999,33.299999,865.741514,50.869995,487.750015
562,2013-10-08,32.93,33.009998,853.671458,49.97,480.93998
561,2013-10-09,33.009998,33.07,855.861463,49.739999,486.589989
560,2013-10-10,33.869999,33.759998,868.241516,51.429996,489.639992
559,2013-10-11,34.150002,34.130001,871.991487,52.150001,492.809998
558,2013-10-14,34.00,34.450001,876.111494,52.139998,496.039978
557,2013-10-15,33.380001,34.490002,882.011527,51.869996,498.679985
556,2013-10-16,33.09,34.639999,898.031521,52.36,501.110001
555,2013-10-17,32.740002,34.919998,888.791495,52.999996,504.499985
554,2013-10-18,33.43,34.959999,1011.411708,52.549998,508.889992
553,2013-10-21,34.060001,34.990002,1003.301698,52.959998,521.360023
552,2013-10-22,33.939999,34.580002,1007.001739,53.089998,519.870003
551,2013-10-23,33.099998,33.759998,1031.411782,52.18,524.959999
550,2013-10-24,33.080002,33.720001,1025.551754,51.77,531.910011
549,2013-10-25,32.25,35.73,1015.201747,51.82,525.960022
548,2013-10-28,32.349998,35.57,1015.001719,51.729998,529.880005
547,2013-10-29,33.169998,35.52,1036.241716,51.990002,516.680023
546,2013-10-30,32.57,35.540001,1030.421755,51.599998,524.900024
545,2013-10-31,32.939999,35.41,1030.581776,49.259998,522.699974
544,2013-11-01,33.18,35.529999,1027.041757,50.389998,520.030006
543,2013-11-04,33.189999,35.939999,1026.111769,50.409999,526.75
542,2013-11-05,32.970001,36.639999,1021.521745,50.749998,525.449997
541,2013-11-06,32.880001,38.18,1022.751743,51.189998,520.920013
540,2013-11-07,32.110001,37.50,1007.951699,50.319997,512.490021
539,2013-11-08,33.119999,37.779999,1016.031752,51.029999,520.560005
538,2013-11-11,33.82,37.59,1010.59175,51.189998,519.050011
537,2013-11-12,34.07,37.360001,1011.781743,51.839996,520.009979
536,2013-11-13,35.099998,38.16,1032.471772,52.879999,520.63002
535,2013-11-14,35.689999,38.02,1035.231717,53.279996,528.160019
534,2013-11-15,35.470001,37.84,1033.561782,53.589996,524.990013
533,2013-11-18,34.98,37.200001,1031.551709,53.609997,518.629974
532,2013-11-19,34.630001,36.740002,1025.201753,53.549998,519.549995
531,2013-11-20,35.619999,37.080002,1022.311744,53.139998,514.999985
530,2013-11-21,36.299999,37.400002,1034.071744,53.849995,521.139992
529,2013-11-22,36.490002,37.57,1031.891724,53.259995,519.799988
528,2013-11-25,36.290001,37.639999,1045.931848,52.849995,523.739998
527,2013-11-26,36.639999,37.349998,1058.411823,52.669995,533.399979
526,2013-11-27,36.959999,37.599998,1063.111877,52.709997,545.959999
525,2013-11-29,36.98,38.130001,1059.591768,52.619995,556.069977
524,2013-12-02,37.009998,38.450001,1054.481857,52.740001,551.230026
523,2013-12-03,36.560001,38.310001,1053.261845,52.619995,566.319984
522,2013-12-04,38.130001,38.939999,1058.181837,53.609997,565.000008
521,2013-12-05,38.869999,38.00,1057.341785,52.989997,567.899994
520,2013-12-06,38.860001,38.360001,1069.871873,54.089998,560.019974
519,2013-12-09,38.869999,38.709999,1078.141905,53.339999,566.43
518,2013-12-10,40.220001,38.110001,1084.661869,53.249997,565.54998
517,2013-12-11,39.16,37.610001,1077.291806,52.909998,561.359978
516,2013-12-12,39.349998,37.220001,1069.961809,52.349997,560.539986
515,2013-12-13,39.73,36.689999,1060.791808,52.319998,554.429993
514,2013-12-16,39.73,36.889999,1072.981881,53.019997,557.500023
513,2013-12-17,39.509998,36.52,1069.861826,53.009998,554.990005
512,2013-12-18,40.040001,36.580002,1084.751805,53.449998,550.769989
511,2013-12-19,40.200001,36.25,1086.221897,54.349998,544.459991
510,2013-12-20,40.119999,36.799999,1100.621886,54.839998,549.019989
509,2013-12-23,40.77,36.619999,1115.101886,54.919997,570.090004
508,2013-12-24,40.849998,37.080002,1111.841904,55.529998,567.669975
507,2013-12-26,40.650002,37.439999,1117.461899,55.549995,563.900009
506,2013-12-27,40.490002,37.290001,1118.401934,55.629999,560.089989
505,2013-12-30,40.200001,37.290001,1109.461919,55.83,554.519981
504,2013-12-31,40.439999,37.41,1120.711956,55.88,561.019997
503,2014-01-02,39.59,37.16,1113.121955,55.589997,553.12999
502,2014-01-03,40.119999,36.91,1105.001897,55.88,540.980019
501,2014-01-06,39.93,36.130001,1117.321972,55.559998,543.929993
500,2014-01-07,40.919998,36.41,1138.861917,55.65,540.040024
499,2014-01-08,41.02,35.759998,1141.231977,55.769997,543.460022
498,2014-01-09,40.919998,35.529999,1130.241944,56.159996,536.519997
497,2014-01-10,41.23,36.040001,1130.181906,55.839998,532.939995
496,2014-01-13,39.990002,34.98,1122.981911,54.75,535.730019
495,2014-01-14,41.139999,35.779999,1149.402027,55.849996,546.390022
494,2014-01-15,41.07,36.759998,1148.622013,56.199998,557.359993
493,2014-01-16,40.34,36.889999,1156.221939,56.099998,554.250015
492,2014-01-17,40.009998,36.380001,1150.53198,55.449999,540.669998
491,2014-01-21,39.52,36.169998,1163.702033,55.549995,549.069977
490,2014-01-22,40.18,35.93,1165.022028,57.109996,551.509979
489,2014-01-23,39.389999,36.060001,1160.102036,55.889998,556.179993
488,2014-01-24,37.91,36.810001,1123.831888,54.269998,546.070015
487,2014-01-27,36.650002,36.029999,1101.23183,53.399998,550.500023
486,2014-01-28,38.220001,36.27,1123.01193,53.679998,506.499977
485,2014-01-29,34.889999,36.66,1106.921912,54.039998,500.749992
484,2014-01-30,35.310001,36.860001,1135.391922,55.159996,499.779984
483,2014-01-31,36.009998,37.84,1180.971997,60.409999,500.599976
482,2014-02-03,34.900002,36.48,1133.431963,58.589998,501.529984
481,2014-02-04,35.66,36.349998,1138.161914,58.499996,508.790016
480,2014-02-05,35.490002,35.82,1143.201984,57.909996,512.589996
479,2014-02-06,36.240002,36.18,1159.961986,58.379999,512.509995
478,2014-02-07,37.23,36.560001,1177.441963,60.059997,519.679985
477,2014-02-10,37.759998,36.799999,1172.93195,60.259994,528.989998
476,2014-02-11,38.50,37.169998,1190.182065,61.319997,535.959984
475,2014-02-12,38.110001,37.470001,1186.691975,61.449997,535.919983
474,2014-02-13,38.52,37.610001,1199.902094,62.309999,544.429977
473,2014-02-14,38.23,37.619999,1202.802088,61.719999,543.990021
472,2014-02-18,38.310001,37.419998,1210.88208,62.879999,545.990013
471,2014-02-19,37.810001,37.509998,1202.342118,62.54,537.370003
470,2014-02-20,37.790001,37.75,1204.112036,62.349997,531.149994
469,2014-02-21,37.290001,37.98,1203.792115,62.199996,525.249992
468,2014-02-24,37.419998,37.689999,1212.512071,63.399997,527.550018
467,2014-02-25,37.259998,37.540001,1220.002089,63.299997,522.060013
466,2014-02-26,37.619999,37.470001,1220.172036,63.609997,517.349998
465,2014-02-27,38.470001,37.860001,1219.212151,63.269998,527.670021
464,2014-02-28,38.669998,38.310001,1215.652097,63.199997,526.239975
463,2014-03-03,38.25,37.779999,1202.692058,62.199996,527.76001
462,2014-03-04,39.630001,38.41,1214.912028,62.999996,531.239983
461,2014-03-05,39.50,38.110001,1218.262068,62.549998,532.360008
460,2014-03-06,39.66,38.150002,1219.612082,62.580002,530.749985
459,2014-03-07,38.700001,37.900002,1214.792073,62.959998,530.440018
458,2014-03-10,38.049999,37.82,1211.572035,62.029994,530.919975
457,2014-03-11,37.560001,38.02,1199.99203,62.18,536.089973
456,2014-03-12,37.50,38.27,1207.302054,61.889996,536.609985
455,2014-03-13,37.23,37.889999,1189.062036,61.339998,530.650009
454,2014-03-14,37.599998,37.700001,1172.80207,61.729997,524.68998
453,2014-03-17,39.110001,38.049999,1192.102079,62.36,526.740013
452,2014-03-18,39.450001,39.549999,1211.262039,63.219998,531.399986
451,2014-03-19,38.610001,39.27,1199.252083,63.239999,531.26001
450,2014-03-20,37.77,40.330002,1197.161999,63.349997,528.700005
449,2014-03-21,37.939999,40.16,1183.041986,63.159999,532.86998
448,2014-03-24,36.68,40.50,1157.931941,62.139998,539.190018
447,2014-03-25,35.93,40.34,1158.722002,61.919996,544.98999
446,2014-03-26,35.450001,39.790001,1131.971918,60.819999,539.779991
445,2014-03-27,35.59,39.360001,558.462551,60.099995,537.459991
444,2014-03-28,35.900002,40.299999,559.992565,60.289997,536.859978
443,2014-03-31,35.900002,40.990002,556.972503,60.819999,536.739975
442,2014-04-01,36.490002,41.419998,567.162558,61.499997,541.649994
441,2014-04-02,36.639999,41.349998,567.002574,61.799999,542.549988
440,2014-04-03,35.759998,41.009998,569.742571,61.38,538.790009
439,2014-04-04,34.259998,39.869999,543.14246,60.819999,531.820023
438,2014-04-07,33.07,39.799999,538.152456,59.649997,523.469978
437,2014-04-08,33.830002,39.82,554.902495,60.159998,523.440018
436,2014-04-09,34.869999,40.470001,564.142557,60.649997,530.320015
435,2014-04-10,33.400002,39.360001,540.952433,58.929997,523.480019
434,2014-04-11,32.869999,39.209999,530.602392,58.049998,519.610023
433,2014-04-14,33.450001,39.18,532.522392,59.589999,521.679977
432,2014-04-15,34.209999,39.75,536.442444,60.059997,517.959999
431,2014-04-16,36.349998,40.400002,556.54249,61.179999,519.01001
430,2014-04-17,36.380001,40.009998,536.1024,61.079999,524.940025
429,2014-04-21,36.400002,39.939999,528.622414,60.849994,531.170021
428,2014-04-22,36.139999,39.990002,534.812425,60.709996,531.70002
427,2014-04-23,35.439999,39.689999,526.942391,59.929997,524.750008
426,2014-04-24,35.240002,39.860001,525.162363,59.259998,567.770004
425,2014-04-25,34.48,39.91,516.182352,58.249999,571.93998
424,2014-04-28,33.990002,40.869999,517.152359,58.159997,594.090019
423,2014-04-29,35.830002,40.509998,527.70241,58.589998,592.329979
422,2014-04-30,35.950001,40.400002,526.662388,59.179998,590.089981
421,2014-05-01,36.509998,40.00,531.352435,59.349996,591.480026
420,2014-05-02,36.869999,39.689999,527.932411,59.339997,592.580025
419,2014-05-05,36.91,39.43,527.812392,59.389998,600.959976
418,2014-05-06,36.490002,39.060001,515.14233,58.529995,594.410027
417,2014-05-07,34.07,39.419998,509.962321,58.019999,592.329979
416,2014-05-08,33.919998,39.639999,511.002313,58.04,587.990013
415,2014-05-09,33.759998,39.540001,518.732375,62.389999,585.540024
414,2014-05-12,34.450001,39.970001,529.922427,62.129999,592.830017
413,2014-05-13,34.400002,40.419998,533.092437,61.649998,593.760025
412,2014-05-14,34.169998,40.240002,526.652412,61.159998,593.869987
411,2014-05-15,33.799999,39.599998,519.982324,61.229995,588.819992
410,2014-05-16,33.41,39.830002,520.632362,60.899999,597.510017
409,2014-05-19,33.889999,39.75,528.862391,61.389998,604.590019
408,2014-05-20,33.869999,39.68,529.772418,61.139997,604.710022
407,2014-05-21,34.360001,40.349998,538.942465,61.179999,606.310005
406,2014-05-22,34.700001,40.099998,545.062459,61.099995,607.269974
405,2014-05-23,35.02,40.119999,552.702492,61.639995,614.129997
404,2014-05-27,35.119999,40.189999,565.952575,62.099996,625.63002
403,2014-05-28,34.779999,40.009998,561.682564,62.059998,624.01001
402,2014-05-29,34.900002,40.34,560.082534,62.560001,635.37999
401,2014-05-30,34.650002,40.939999,559.892559,62.889997,633.000015
400,2014-06-02,34.869999,40.790001,553.932488,62.380001,628.650009
399,2014-06-03,34.650002,40.290001,544.94244,62.749999,637.539986
398,2014-06-04,34.73,40.32,544.662436,63.08,644.819992
397,2014-06-05,34.939999,41.209999,553.902499,63.150001,647.349983
396,2014-06-06,35.919998,41.48,556.332503,63.579997,645.570023
395,2014-06-09,36.040001,41.27,562.122552,63.689996,93.699997
394,2014-06-10,36.310001,41.110001,560.552511,63.639996,94.25
393,2014-06-11,36.630001,40.860001,558.842499,63.589996,93.860001
392,2014-06-12,36.779999,40.580002,551.352476,62.789996,92.290001
391,2014-06-13,36.939999,41.23,551.762475,63.279996,91.279999
390,2014-06-16,34.810001,41.50,544.282488,63.059999,92.199997
389,2014-06-17,34.43,41.68,543.012465,63.549998,92.080002
388,2014-06-18,34.939999,41.650002,553.372481,63.629998,92.18
387,2014-06-19,34.68,41.509998,554.902495,63.759997,91.860001
386,2014-06-20,34.049999,41.68,556.362492,64.019992,90.910004
385,2014-06-23,33.639999,41.990002,564.952579,64.069997,90.830002
384,2014-06-24,33.48,41.75,564.622572,63.929999,90.279999
383,2014-06-25,33.25,42.029999,578.652627,63.989998,90.360001
382,2014-06-26,33.66,41.720001,576.002598,63.18,90.900002
381,2014-06-27,34.25,42.25,577.242632,62.959998,91.980003
380,2014-06-30,35.130001,41.700001,575.282606,63.199997,92.93
379,2014-07-01,35.349998,41.869999,582.672624,63.979995,93.519997
378,2014-07-02,35.880001,41.900002,582.33766,63.989998,93.480003
377,2014-07-03,36.139999,41.799999,584.732656,64.26,94.029999
376,2014-07-07,35.52,41.990002,582.252649,63.849995,95.970001
375,2014-07-08,34.529999,41.779999,571.092587,62.929999,95.349998
374,2014-07-09,34.849998,41.669998,576.08259,63.299997,95.389999
373,2014-07-10,34.93,41.689999,571.102563,62.709997,95.040001
372,2014-07-11,35.43,42.09,579.182645,62.72,95.220001
371,2014-07-14,35.700001,42.139999,584.872627,62.699999,96.449997
370,2014-07-15,35.610001,42.450001,584.782659,62.709997,95.32
369,2014-07-16,33.790001,44.080002,582.662648,63.419994,94.779999
368,2014-07-17,33.209999,44.529999,573.732579,63.799995,93.089996
367,2014-07-18,33.330002,44.689999,595.082696,63.829999,94.43
366,2014-07-21,33.279999,44.84,589.472645,63.54,93.940002
365,2014-07-22,33.599998,44.830002,594.742713,64.679998,94.720001
364,2014-07-23,34.709999,44.869999,595.982686,64.999996,97.190002
363,2014-07-24,36.169998,44.400002,593.352671,64.910003,97.029999
362,2014-07-25,36.119999,44.50,589.022681,64.789997,97.669998
361,2014-07-28,35.900002,43.970001,590.602697,64.559997,99.019997
360,2014-07-29,35.68,43.889999,585.612633,64.319998,98.379997
359,2014-07-30,36.599998,43.580002,587.42265,64.239994,98.150002
358,2014-07-31,35.810001,43.16,571.602592,62.389999,95.599998
357,2014-08-01,35.619999,42.860001,566.072533,62.649998,96.129997
356,2014-08-04,36.529999,43.369999,573.152619,62.789996,95.589996
355,2014-08-05,35.700001,43.080002,565.072537,62.36,95.120003
354,2014-08-06,35.790001,42.740002,566.376589,62.099996,94.959999
353,2014-08-07,35.66,43.23,563.362525,61.33,94.480003
352,2014-08-08,35.91,43.200001,568.772565,57.50,94.739998
351,2014-08-11,35.790001,43.200001,567.882551,58.599996,95.989998
350,2014-08-12,35.52,43.52,562.732562,57.99,95.970001
349,2014-08-13,36.189999,44.080002,574.782577,58.519997,97.239998
348,2014-08-14,36.360001,44.27,574.652582,58.769998,97.50
347,2014-08-15,36.470001,44.790001,573.482626,58.819998,97.980003
346,2014-08-18,37.380001,45.110001,582.162619,59.630001,99.160004
345,2014-08-19,37.830002,45.330002,586.862643,59.84,100.529999
344,2014-08-20,37.50,44.950001,584.492618,59.999999,100.57
343,2014-08-21,37.639999,45.220001,583.372664,60.439998,100.580002
342,2014-08-22,38.009998,45.150002,582.562642,59.799998,101.32
341,2014-08-25,37.709999,45.169998,580.202654,59.97,101.540001
340,2014-08-26,37.790001,45.009998,577.862619,60.049999,100.889999
339,2014-08-27,38.18,44.869999,571.002557,60.400001,102.129997
338,2014-08-28,38.310001,44.880001,569.202577,59.979998,102.25
337,2014-08-29,38.509998,45.43,571.602592,59.79,102.50
336,2014-09-02,39.27,45.09,577.332601,60.229999,103.300003
335,2014-09-03,38.869999,44.959999,577.942611,60.049999,98.940002
334,2014-09-04,39.189999,45.259998,581.982621,59.979998,98.120003
333,2014-09-05,39.59,45.91,586.082672,60.249995,98.970001
332,2014-09-08,41.810001,46.470001,589.722659,59.819999,98.360001
331,2014-09-09,40.779999,46.759998,581.012615,59.359998,97.989998
330,2014-09-10,41.139999,46.84,583.102636,59.749998,101.00
329,2014-09-11,41.259998,47.00,581.352659,59.859996,101.43
328,2014-09-12,42.880001,46.700001,575.622589,59.709995,101.660004
327,2014-09-15,42.549999,46.240002,573.102616,59.599997,101.629997
326,2014-09-16,42.709999,46.759998,579.95264,59.479995,100.860001
325,2014-09-17,42.59,46.52,584.772622,59.189997,101.580002
324,2014-09-18,42.09,46.68,589.272695,59.199999,101.790001
323,2014-09-19,40.93,47.52,596.082692,58.699997,100.959999
322,2014-09-22,38.650002,47.060001,587.372648,57.799997,101.059998
321,2014-09-23,39.049999,46.560001,581.132634,57.229998,102.639999
320,2014-09-24,39.880001,47.080002,587.992634,57.439997,101.75
319,2014-09-25,38.950001,46.040001,575.062581,56.629999,97.870003
318,2014-09-26,40.66,46.41,577.1026,56.629999,100.75
317,2014-09-29,40.52,46.439999,576.362594,59.619998,100.110001
316,2014-09-30,40.75,46.360001,577.36259,61.15,100.75
315,2014-10-01,40.32,45.900002,568.272597,58.99,99.18
314,2014-10-02,40.50,45.759998,570.082554,58.709995,99.900002
313,2014-10-03,41.029999,46.09,575.282606,59.169996,99.620003
312,2014-10-06,41.52,46.09,577.352614,59.25,99.620003
311,2014-10-07,40.93,45.529999,563.742534,57.999998,98.75
310,2014-10-08,41.080002,46.779999,572.502582,59.229999,100.800003
309,2014-10-09,41.099998,45.849998,560.882518,57.639998,101.019997
308,2014-10-10,39.599998,44.029999,544.492476,57.129997,100.730003
307,2014-10-13,38.380001,43.650002,533.212394,56.389996,99.809998
306,2014-10-14,37.970001,43.73,537.942408,56.259996,98.75
305,2014-10-15,37.82,43.220001,530.032409,55.369995,97.540001
304,2014-10-16,38.119999,42.740002,524.512387,55.379998,96.260002
303,2014-10-17,38.450001,43.630001,511.172305,56.439996,97.669998
302,2014-10-20,39.279999,44.080002,520.842349,56.639997,99.760002
301,2014-10-21,40.18,44.880001,526.542369,58.749997,102.470001
300,2014-10-22,42.00,44.380001,532.712427,58.669998,102.989998
299,2014-10-23,42.599998,45.02,543.982471,59.119995,104.830002
298,2014-10-24,43.50,46.130001,539.782415,59.549997,105.220001
297,2014-10-27,44.700001,45.91,540.772435,59.489998,105.110001
296,2014-10-28,45.869999,46.490002,548.902458,59.769999,106.739998
295,2014-10-29,45.43,46.619999,549.33247,60.139997,107.339996
294,2014-10-30,45.630001,46.049999,550.312514,60.040001,106.980003
293,2014-10-31,46.049999,46.950001,559.082538,60.400001,108.00
292,2014-11-03,46.34,47.439999,555.222525,60.20,109.400002
291,2014-11-04,47.080002,47.57,554.112486,60.209998,108.599998
290,2014-11-05,47.459999,47.860001,545.922484,60.38,108.860001
289,2014-11-06,47.93,48.700001,542.042458,59.689994,108.699997
288,2014-11-07,48.549999,48.68,541.012473,59.669998,109.010002
287,2014-11-10,49.41,48.889999,547.492463,59.309998,108.830002
286,2014-11-11,49.049999,48.869999,550.292501,60.20,109.699997
285,2014-11-12,50.599998,48.779999,547.312465,61.249996,111.25
284,2014-11-13,50.50,49.610001,545.38249,61.669994,112.82
283,2014-11-14,51.75,49.580002,544.402446,61.759997,114.18
282,2014-11-17,52.369999,49.459999,536.512399,62.389999,113.989998
281,2014-11-18,51.75,48.740002,535.032449,62.019996,115.470001
280,2014-11-19,50.580002,48.220001,536.992415,62.279996,114.669998
279,2014-11-20,51.25,48.700001,534.832438,62.709997,116.309998
278,2014-11-21,51.040001,47.98,537.502419,62.479997,116.470001
277,2014-11-24,51.830002,47.59,539.272471,63.449998,118.629997
276,2014-11-25,51.720001,47.470001,541.082428,63.139998,117.599998
275,2014-11-26,51.93,47.75,540.372473,63.289999,119.00
274,2014-11-28,51.740002,47.810001,541.832471,63.379996,118.93
273,2014-12-01,50.099998,48.619999,533.802391,63.519999,115.07
272,2014-12-02,50.669998,48.459999,533.752389,64.089994,114.629997
271,2014-12-03,50.279999,48.080002,531.322384,66.230002,115.93
270,2014-12-04,50.41,48.84,537.312445,65.230001,115.489998
269,2014-12-05,50.990002,48.419998,525.262369,65.569996,115.00
268,2014-12-08,49.619999,47.700001,526.982357,64.429997,112.400002
267,2014-12-09,50.509998,47.59,533.37244,63.909998,114.120003
266,2014-12-10,49.209999,46.900002,526.062353,62.779998,111.949997
265,2014-12-11,49.939999,47.169998,528.34241,62.479997,111.620003
264,2014-12-12,50.240002,46.950001,518.662359,61.319997,109.730003
263,2014-12-15,49.82,46.669998,513.802351,61.929998,108.230003
262,2014-12-16,48.849998,45.16,495.392242,60.929998,106.75
261,2014-12-17,50.119999,45.740002,504.892295,62.18,109.410004
260,2014-12-18,50.91,47.52,511.102319,63.72,112.650002
259,2014-12-19,50.880001,47.66,516.352313,63.839997,111.779999
258,2014-12-22,51.150002,47.98,524.872383,64.230001,112.940002
257,2014-12-23,50.02,48.450001,530.592416,64.120002,112.540001
256,2014-12-24,50.650002,48.139999,528.772422,64.359996,112.010002
255,2014-12-26,50.860001,47.880001,534.032392,64.150001,113.989998
254,2014-12-29,50.529999,47.450001,530.332426,63.979995,113.910004
253,2014-12-30,51.220001,47.02,530.422394,64.44,112.519997
252,2014-12-31,50.509998,46.450001,526.402397,63.049996,110.379997
251,2015-01-02,50.169998,46.759998,524.812404,63.249997,109.330002
250,2015-01-05,49.130001,46.330002,513.872306,61.97,106.25
249,2015-01-06,49.209999,45.650002,501.962262,62.129999,106.260002
248,2015-01-07,48.59,46.23,501.102268,62.580002,107.75
247,2015-01-08,50.23,47.59,502.682285,63.289999,111.889999
246,2015-01-09,49.720001,47.189999,496.172244,64.289999,112.010002
245,2015-01-12,48.799999,46.599998,492.552239,63.189998,109.25
244,2015-01-13,48.299999,46.360001,496.182251,63.139998,110.220001
243,2015-01-14,47.509998,45.959999,500.872267,63.449998,109.800003
242,2015-01-15,46.23,45.48,501.792271,62.36,106.82
241,2015-01-16,46.470001,46.240002,508.082288,62.889997,105.989998
240,2015-01-20,47.630001,46.389999,506.902294,62.970001,108.720001
239,2015-01-21,48.18,45.919998,518.042373,62.499998,109.550003
238,2015-01-22,48.889999,47.130001,534.392388,63.560001,112.400002
237,2015-01-23,48.950001,47.18,539.952437,64.449994,112.980003
236,2015-01-26,49.439999,47.009998,535.212448,63.689996,113.099998
235,2015-01-27,47.990002,42.66,518.63237,62.749999,109.139999
234,2015-01-28,46.459999,41.189999,510.002318,61.979999,115.309998
233,2015-01-29,43.73,42.009998,510.6623,62.839997,118.900002
232,2015-01-30,43.990002,40.400002,534.522445,60.679997,117.160004
231,2015-02-02,44.689999,41.279999,528.482381,61.319997,118.629997
230,2015-02-03,44.700001,41.599998,529.2424,62.049995,118.650002
229,2015-02-04,44.049999,41.84,522.762349,62.629997,119.559998
228,2015-02-05,43.549999,42.450001,527.582391,63.449998,119.940002
227,2015-02-06,42.939999,42.41,531.002415,65.019993,118.93
226,2015-02-09,42.57,42.360001,527.832406,64.839993,119.720001
225,2015-02-10,43.07,42.599998,536.942412,60.889996,122.019997
224,2015-02-11,42.959999,42.380001,535.972405,62.139998,124.879997
223,2015-02-12,43.93,43.09,542.932472,64.499998,126.459999
222,2015-02-13,44.419998,43.869999,549.012501,66.099997,127.080002
221,2015-02-17,43.529999,43.580002,542.842443,66.690002,127.830002
220,2015-02-18,43.650002,43.529999,539.702422,67.019994,128.720001
219,2015-02-19,44.369999,43.50,542.872432,66.889999,128.449997
218,2015-02-20,44.110001,43.860001,538.952441,66.929996,129.50
217,2015-02-23,43.529999,44.150002,531.912381,71.739995,133.00
216,2015-02-24,43.380001,44.09,536.092424,70.839995,132.169998
215,2015-02-25,44.43,43.990002,543.872489,70.48,128.789993
214,2015-02-26,44.450001,44.060001,555.482516,70.859996,130.419998
213,2015-02-27,44.279999,43.849998,558.402511,70.919995,128.460007
212,2015-03-02,44.110001,43.880001,571.342601,70.999999,129.089996
211,2015-03-03,42.619999,43.279999,573.64261,70.589994,129.360001
210,2015-03-04,43.990002,43.060001,573.372583,70.059997,128.539993
209,2015-03-05,44.16,43.110001,575.332609,69.859996,126.410004
208,2015-03-06,43.439999,42.360001,567.687558,68.86,126.599998
207,2015-03-09,42.98,42.849998,568.852557,69.129993,127.139999
206,2015-03-10,42.68,42.029999,555.012538,67.309997,124.510002
205,2015-03-11,42.50,41.98,551.182515,66.65,122.239998
204,2015-03-12,42.950001,41.02,555.512505,68.099994,124.449997
203,2015-03-13,42.869999,41.380001,547.322503,67.37,123.589996
202,2015-03-16,43.509998,41.560001,554.512509,67.47,124.949997
201,2015-03-17,43.790001,41.700001,550.842471,66.699996,127.040001
200,2015-03-18,44.669998,42.50,559.502513,67.069998,128.470001
199,2015-03-19,44.98,42.290001,557.992512,66.779995,127.50
198,2015-03-20,45.040001,42.880001,560.362537,66.73,125.900002
197,2015-03-23,44.720001,42.860001,558.81251,66.509998,127.209999
196,2015-03-24,44.419998,42.900002,570.192597,65.729999,126.690002
195,2015-03-25,44.200001,41.459999,558.787539,64.359996,123.379997
194,2015-03-26,44.470001,41.209999,555.172522,65.169994,124.239998
193,2015-03-27,45.099998,40.970001,548.342512,65.769992,123.25
192,2015-03-30,44.950001,40.959999,552.032502,66.449995,126.370003
191,2015-03-31,44.439999,40.66,548.002468,65.279997,124.43
190,2015-04-01,44.130001,40.720001,542.562439,65.230001,124.25
189,2015-04-02,44.150002,40.290001,535.532417,65.379993,125.32
188,2015-04-06,43.669998,41.549999,536.767432,65.329997,127.349998
187,2015-04-07,43.610001,41.529999,537.022404,65.279997,126.010002
186,2015-04-08,45.169998,41.419998,541.612446,64.779994,125.599998
185,2015-04-09,45.630001,41.48,540.782472,64.489996,126.559998
184,2015-04-10,45.18,41.720001,540.012416,65.849996,127.099998
183,2015-04-13,44.77,41.759998,539.172466,65.399998,126.849998
182,2015-04-14,45.529999,41.650002,530.392405,64.589992,126.300003
181,2015-04-15,45.73,42.259998,532.532429,65.669996,126.779999
180,2015-04-16,45.779999,42.16,533.802391,65.839993,126.169998
179,2015-04-17,44.450001,41.619999,524.052386,65.599995,124.75
178,2015-04-20,44.66,42.91,535.382408,65.539996,127.599998
177,2015-04-21,44.490002,42.639999,533.972413,65.059995,126.910004
176,2015-04-22,43.98,42.990002,539.367458,65.83,128.619995
175,2015-04-23,43.700001,43.34,547.002472,65.65,129.669998
174,2015-04-24,44.52,47.869999,565.062561,65.559993,130.279999
173,2015-04-27,44.360001,48.029999,555.369995,65.069998,132.649994
172,2015-04-28,44.34,49.16,553.679993,65.389996,130.559998
171,2015-04-29,43.279999,49.060001,549.080017,64.809994,128.639999
170,2015-04-30,42.57,48.639999,537.340027,64.449994,125.150002
169,2015-05-01,42.509998,48.66,537.900024,65.230001,128.949997
168,2015-05-04,42.040001,48.240002,540.780029,65.639997,128.699997
167,2015-05-05,41.299999,47.599998,530.799988,64.949996,125.800003
166,2015-05-06,41.66,46.279999,524.219971,64.379997,125.010002
165,2015-05-07,43.869999,46.700001,530.700012,64.579998,125.260002
164,2015-05-08,44.09,47.75,538.219971,65.309996,127.620003
163,2015-05-11,43.599998,47.369999,535.700012,65.199993,126.32
162,2015-05-12,43.84,47.349998,529.039978,64.249997,125.870003
161,2015-05-13,44.400002,47.630001,529.619995,64.510001,126.010002
160,2015-05-14,44.950001,48.720001,538.400024,67.279998,128.949997
159,2015-05-15,44.75,48.299999,533.849976,67.789998,128.770004
158,2015-05-18,44.360001,48.009998,532.299988,68.269995,130.190002
157,2015-05-19,40.98,47.580002,537.359985,67.660003,130.070007
156,2015-05-20,42.790001,47.580002,539.27002,69.259998,130.059998
155,2015-05-21,43.68,47.419998,542.51001,68.989995,131.389999
154,2015-05-22,43.490002,46.900002,540.109985,68.479999,132.539993
153,2015-05-26,42.849998,46.59,532.320007,67.479999,129.619995
152,2015-05-27,43.380001,47.610001,539.789978,69.209997,132.039993
151,2015-05-28,43.07,47.450001,539.780029,69.339993,131.779999
150,2015-05-29,42.939999,46.860001,532.109985,68.599996,130.279999
149,2015-06-01,43.349998,47.23,533.98999,67.949993,130.539993
148,2015-06-02,43.150002,46.919998,539.179993,68.239996,129.960007
147,2015-06-03,43.209999,46.849998,540.309998,68.86,130.119995
146,2015-06-04,42.880001,46.360001,536.700012,67.709994,129.360001
145,2015-06-05,42.810001,46.139999,533.330017,67.689998,128.649994
144,2015-06-08,42.009998,45.73,526.830017,67.050002,127.800003
143,2015-06-09,41.630001,45.650002,526.690002,66.429998,127.419998
142,2015-06-10,42.060001,46.610001,536.690002,67.479999,128.880005
141,2015-06-11,40.939999,46.439999,534.609985,69.379999,128.589996
140,2015-06-12,40.529999,45.970001,532.330017,67.749996,127.169998
139,2015-06-15,40.470001,45.48,527.200012,66.199998,126.919998
138,2015-06-16,40.639999,45.830002,528.150024,66.939999,127.599998
137,2015-06-17,40.959999,45.970001,529.26001,67.309997,127.300003
136,2015-06-18,40.91,46.720001,536.72998,67.729995,127.879997
135,2015-06-19,40.509998,46.099998,536.690002,67.709999,126.599998
134,2015-06-22,40.73,46.23,538.190002,67.409997,127.610001
133,2015-06-23,40.650002,45.91,540.47998,67.309997,127.029999
132,2015-06-24,40.939999,45.639999,537.840027,66.689998,128.110001
131,2015-06-25,41.07,45.650002,535.22998,66.349999,127.50
130,2015-06-26,40.060001,45.259998,531.690002,66.759999,126.75
129,2015-06-29,38.91,44.369999,521.52002,65.749996,124.529999
128,2015-06-30,39.290001,44.150002,520.51001,65.639997,125.43
127,2015-07-01,39.330002,44.450001,521.840027,65.919997,126.599998
126,2015-07-02,39.380001,44.400002,523.400024,66.099997,126.440002
125,2015-07-06,38.610001,44.389999,522.859985,66.099997,126.00
124,2015-07-07,38.23,44.299999,525.02002,66.299998,125.690002
123,2015-07-08,37.23,44.240002,516.830017,65.219998,122.57
122,2015-07-09,37.610001,44.52,520.679993,65.489996,120.07
121,2015-07-10,37.919998,44.610001,530.130005,66.739998,123.279999
120,2015-07-13,38.759998,45.540001,546.549988,67.369995,125.660004
119,2015-07-14,38.630001,45.619999,561.099976,67.329998,125.610001
118,2015-07-15,38.380001,45.759998,560.219971,67.899997,126.82
117,2015-07-16,38.91,46.66,579.849976,67.799997,128.509995
116,2015-07-17,39.68,46.619999,672.929993,67.499995,129.619995
115,2015-07-20,39.540001,46.919998,663.02002,67.429998,132.070007
114,2015-07-21,39.73,47.279999,662.299988,66.509998,130.75
113,2015-07-22,39.240002,45.540001,662.099976,66.629999,125.220001
112,2015-07-23,39.209999,46.110001,644.280029,66.55,125.160004
111,2015-07-24,38.849998,45.939999,623.559998,65.459997,124.50
110,2015-07-27,37.84,45.349998,627.26001,64.589996,122.769997
109,2015-07-28,37.720001,45.34,628.00,64.829999,123.379997
108,2015-07-29,37.669998,46.290001,631.929993,65.039998,122.989998
107,2015-07-30,37.419998,46.880001,632.590027,64.989998,122.370003
106,2015-07-31,36.669998,46.700001,625.609985,65.429998,121.300003
105,2015-08-03,36.689999,46.810001,631.210022,65.249998,118.440002
104,2015-08-04,37.119999,47.540001,629.25,65.139999,114.639999
103,2015-08-05,37.25,47.580002,643.780029,65.409997,115.400002
102,2015-08-06,36.459999,46.619999,642.679993,63.539995,115.129997
101,2015-08-07,36.669998,46.740002,635.299988,64.959999,115.519997
100,2015-08-10,37.150002,47.330002,633.72998,65.359996,119.720001
99,2015-08-11,36.029999,46.41,660.780029,64.199997,113.489998
98,2015-08-12,34.490002,46.740002,659.559998,66.769997,115.239998
97,2015-08-13,35.93,46.73,656.450012,66.329998,115.150002
96,2015-08-14,36.240002,47.00,657.119995,67.469996,115.959999
95,2015-08-17,36.099998,47.32,660.869995,67.699996,117.160004
94,2015-08-18,35.689999,47.27,656.130005,67.759999,116.50
93,2015-08-19,35.189999,46.610001,660.900024,66.519996,115.010002
92,2015-08-20,34.099998,45.66,646.830017,65.249998,112.650002
91,2015-08-21,32.93,43.07,612.47998,63.169997,105.760002
90,2015-08-24,31.309999,41.68,589.609985,60.499997,103.120003
89,2015-08-25,31.74,40.470001,582.059998,59.909996,103.739998
88,2015-08-26,32.52,42.709999,628.619995,61.959998,109.690002
87,2015-08-27,33.689999,43.900002,637.609985,62.639996,112.919998
86,2015-08-28,33.139999,43.93,630.380005,62.969996,113.290001
85,2015-08-31,32.240002,43.52,618.25,61.989997,112.760002
84,2015-09-01,31.60,41.82,597.789978,60.119996,107.720001
83,2015-09-02,31.77,43.360001,614.340027,61.139997,112.339996
82,2015-09-03,32.540001,43.50,606.25,61.609996,110.370003
81,2015-09-04,31.58,42.610001,600.700012,60.589999,109.269997
80,2015-09-08,30.90,43.889999,614.659973,62.129999,112.309998
79,2015-09-09,31.52,43.07,612.719971,61.28,110.150002
78,2015-09-10,31.15,43.290001,621.349976,61.969996,112.57
77,2015-09-11,31.43,43.48,625.77002,62.189998,114.209999
76,2015-09-14,30.32,43.040001,623.23999,61.489999,115.309998
75,2015-09-15,31.040001,43.98,635.140015,62.429996,116.279999
74,2015-09-16,31.40,44.299999,635.97998,62.749999,116.410004
73,2015-09-17,30.93,44.25,642.900024,62.189998,113.919998
72,2015-09-18,30.74,43.48,629.25,60.889996,113.449997
71,2015-09-21,31.17,44.110001,635.440002,61.409999,115.209999
70,2015-09-22,30.40,43.900002,622.690002,60.899999,113.400002
69,2015-09-23,29.74,43.869999,622.359985,60.889996,114.32
68,2015-09-24,29.34,43.91,625.799988,60.489998,115.00
67,2015-09-25,29.129999,43.939999,611.969971,61.309999,114.709999
66,2015-09-28,27.60,43.290001,594.890015,59.869999,112.440002
65,2015-09-29,28.26,43.439999,594.969971,59.809996,109.059998
64,2015-09-30,28.91,44.259998,608.419983,61.379996,110.300003
63,2015-10-01,28.91,44.610001,611.289978,61.409999,109.580002
62,2015-10-02,30.709999,45.57,626.909973,62.389999,110.379997
61,2015-10-05,30.85,46.630001,641.469971,63.26,110.779999
60,2015-10-06,30.959999,46.75,645.440002,63.139998,111.309998
59,2015-10-07,31.870001,46.799999,642.359985,63.549998,110.779999
58,2015-10-08,32.369999,47.450001,639.159973,64.329997,109.50
57,2015-10-09,32.52,47.110001,643.609985,64.659997,112.120003
56,2015-10-12,32.860001,47.00,646.669983,65.009999,111.599998
55,2015-10-13,32.34,46.889999,652.299988,64.689997,111.790001
54,2015-10-14,32.09,46.68,651.159973,64.329997,110.209999
53,2015-10-15,33.48,47.009998,661.73999,64.099996,111.860001
52,2015-10-16,33.369999,47.509998,662.200012,64.319998,111.040001
51,2015-10-19,33.50,47.619999,666.099976,64.39,111.730003
50,2015-10-20,32.830002,47.77,650.280029,64.75,113.769997
49,2015-10-21,31.120001,47.200001,642.609985,64.839997,113.760002
48,2015-10-22,31.67,48.029999,651.789978,65.899996,115.50
47,2015-10-23,33.169998,52.869999,702.00,66.309997,119.080002
46,2015-10-26,33.400002,54.25,712.780029,66.37,115.279999
45,2015-10-27,34.299999,53.689999,708.48999,66.059995,114.550003
44,2015-10-28,35.189999,53.98,712.950012,67.039999,119.269997
43,2015-10-29,35.049999,53.360001,716.919983,66.179997,120.529999
42,2015-10-30,35.619999,52.639999,710.809998,66.589997,119.50
41,2015-11-02,35.27,53.240002,721.109985,67.399999,121.18
40,2015-11-03,34.720001,54.150002,722.159973,67.489997,122.57
39,2015-11-04,35.07,54.400002,728.109985,68.099998,122.00
38,2015-11-05,35.119999,54.380001,731.25,66.999997,120.919998
37,2015-11-06,34.200001,54.919998,733.76001,67.749996,121.059998
36,2015-11-09,33.68,54.16,724.890015,67.429998,120.57
35,2015-11-10,33.990002,53.509998,728.320007,67.039999,116.769997
34,2015-11-11,33.380001,53.650002,735.400024,67.099998,116.110001
33,2015-11-12,33.23,53.32,731.22998,66.379998,115.720001
32,2015-11-13,32.189999,52.84,717.00,64.799995,112.339996
31,2015-11-16,32.950001,53.77,728.960022,68.769998,114.18
30,2015-11-17,32.860001,52.970001,725.299988,70.469997,113.690002
29,2015-11-18,32.98,53.849998,740.00,70.529996,117.290001
28,2015-11-19,32.630001,53.939999,738.409973,70.039996,118.779999
27,2015-11-20,33.110001,54.189999,756.599976,69.789999,119.300003
26,2015-11-23,33.360001,54.189999,755.97998,69.949998,117.75
25,2015-11-24,32.959999,54.25,748.280029,69.559999,118.879997
24,2015-11-25,33.16,53.689999,748.150024,69.459999,118.029999
23,2015-11-27,32.939999,53.93,750.26001,68.619997,117.809998
22,2015-11-30,33.810001,54.349998,742.599976,31.33,118.300003
21,2015-12-01,33.709999,55.220001,767.039978,31.33,117.339996
20,2015-12-02,35.650002,55.209999,762.380005,30.870001,116.279999
19,2015-12-03,34.34,54.200001,752.539978,30.07,115.199997
18,2015-12-04,34.91,55.91,766.809998,30.610001,119.029999
17,2015-12-07,34.68,55.810001,763.25,30.780001,118.279999
16,2015-12-08,34.849998,55.790001,762.369995,30.459999,118.230003
15,2015-12-09,34.400002,54.98,751.609985,30.51,115.620003
14,2015-12-10,34.630001,55.27,749.460022,30.620001,116.169998
13,2015-12-11,32.91,54.060001,738.869995,29.790001,113.18
12,2015-12-14,32.59,55.139999,747.77002,29.92,112.480003
11,2015-12-15,33.029999,55.200001,743.400024,30.309999,110.489998
10,2015-12-16,33.779999,56.130001,758.090027,31.370001,111.339996
9,2015-12-17,33.23,55.700001,749.429993,31.379999,108.980003
8,2015-12-18,32.950001,54.130001,739.309998,31.51,106.029999
7,2015-12-21,32.970001,54.830002,747.77002,32.25,107.330002
6,2015-12-22,34.189999,55.349998,750.00,32.220001,107.230003
5,2015-12-23,34.450001,55.82,750.309998,33.040001,108.610001
4,2015-12-24,34.110001,55.669998,748.400024,33.169998,108.029999
3,2015-12-28,33.599998,55.950001,762.51001,33.060001,106.82
2,2015-12-29,34.040001,56.549999,776.599976,33.150002,108.739998
1,2015-12-30,33.369999,56.310001,771.00,33.119999,107.32
0,2015-12-31,33.259998,55.48,758.880005,32.68,105.260002
