Date,Yahoo,Microsoft,Google,Facebook,Apple
2015-12-31,33.259998,55.48,758.880005,105.260002,105.260002
2015-12-30,33.369999,56.310001,771.00,107.32,107.32
2015-12-29,34.040001,56.549999,776.599976,108.739998,108.739998
2015-12-28,33.599998,55.950001,762.51001,106.82,106.82
2015-12-24,34.110001,55.669998,748.400024,108.029999,108.029999
2015-12-23,34.450001,55.82,750.309998,108.610001,108.610001
2015-12-22,34.189999,55.349998,750.00,107.230003,107.230003
2015-12-21,32.970001,54.830002,747.77002,107.330002,107.330002
2015-12-18,32.950001,54.130001,739.309998,106.029999,106.029999
2015-12-17,33.23,55.700001,749.429993,108.980003,108.980003
2015-12-16,33.779999,56.130001,758.090027,111.339996,111.339996
2015-12-15,33.029999,55.200001,743.400024,110.489998,110.489998
2015-12-14,32.59,55.139999,747.77002,112.480003,112.480003
2015-12-11,32.91,54.060001,738.869995,113.18,113.18
2015-12-10,34.630001,55.27,749.460022,116.169998,116.169998
2015-12-09,34.400002,54.98,751.609985,115.620003,115.620003
2015-12-08,34.849998,55.790001,762.369995,118.230003,118.230003
2015-12-07,34.68,55.810001,763.25,118.279999,118.279999
2015-12-04,34.91,55.91,766.809998,119.029999,119.029999
2015-12-03,34.34,54.200001,752.539978,115.199997,115.199997
2015-12-02,35.650002,55.209999,762.380005,116.279999,116.279999
2015-12-01,33.709999,55.220001,767.039978,117.339996,117.339996
2015-11-30,33.810001,54.349998,742.599976,118.300003,118.300003
2015-11-27,32.939999,53.93,750.26001,117.809998,117.809998
2015-11-25,33.16,53.689999,748.150024,118.029999,118.029999
2015-11-24,32.959999,54.25,748.280029,118.879997,118.879997
2015-11-23,33.360001,54.189999,755.97998,117.75,117.75
2015-11-20,33.110001,54.189999,756.599976,119.300003,119.300003
2015-11-19,32.630001,53.939999,738.409973,118.779999,118.779999
2015-11-18,32.98,53.849998,740.00,117.290001,117.290001
2015-11-17,32.860001,52.970001,725.299988,113.690002,113.690002
2015-11-16,32.950001,53.77,728.960022,114.18,114.18
2015-11-13,32.189999,52.84,717.00,112.339996,112.339996
2015-11-12,33.23,53.32,731.22998,115.720001,115.720001
2015-11-11,33.380001,53.650002,735.400024,116.110001,116.110001
2015-11-10,33.990002,53.509998,728.320007,116.769997,116.769997
2015-11-09,33.68,54.16,724.890015,120.57,120.57
2015-11-06,34.200001,54.919998,733.76001,121.059998,121.059998
2015-11-05,35.119999,54.380001,731.25,120.919998,120.919998
2015-11-04,35.07,54.400002,728.109985,122.00,122.00
2015-11-03,34.720001,54.150002,722.159973,122.57,122.57
2015-11-02,35.27,53.240002,721.109985,121.18,121.18
2015-10-30,35.619999,52.639999,710.809998,119.50,119.50
2015-10-29,35.049999,53.360001,716.919983,120.529999,120.529999
2015-10-28,35.189999,53.98,712.950012,119.269997,119.269997
2015-10-27,34.299999,53.689999,708.48999,114.550003,114.550003
2015-10-26,33.400002,54.25,712.780029,115.279999,115.279999
2015-10-23,33.169998,52.869999,702.00,119.080002,119.080002
2015-10-22,31.67,48.029999,651.789978,115.50,115.50
2015-10-21,31.120001,47.200001,642.609985,113.760002,113.760002
2015-10-20,32.830002,47.77,650.280029,113.769997,113.769997
2015-10-19,33.50,47.619999,666.099976,111.730003,111.730003
2015-10-16,33.369999,47.509998,662.200012,111.040001,111.040001
2015-10-15,33.48,47.009998,661.73999,111.860001,111.860001
2015-10-14,32.09,46.68,651.159973,110.209999,110.209999
2015-10-13,32.34,46.889999,652.299988,111.790001,111.790001
2015-10-12,32.860001,47.00,646.669983,111.599998,111.599998
2015-10-09,32.52,47.110001,643.609985,112.120003,112.120003
2015-10-08,32.369999,47.450001,639.159973,109.50,109.50
2015-10-07,31.870001,46.799999,642.359985,110.779999,110.779999
2015-10-06,30.959999,46.75,645.440002,111.309998,111.309998
2015-10-05,30.85,46.630001,641.469971,110.779999,110.779999
2015-10-02,30.709999,45.57,626.909973,110.379997,110.379997
2015-10-01,28.91,44.610001,611.289978,109.580002,109.580002
2015-09-30,28.91,44.259998,608.419983,110.300003,110.300003
2015-09-29,28.26,43.439999,594.969971,109.059998,109.059998
2015-09-28,27.60,43.290001,594.890015,112.440002,112.440002
2015-09-25,29.129999,43.939999,611.969971,114.709999,114.709999
2015-09-24,29.34,43.91,625.799988,115.00,115.00
2015-09-23,29.74,43.869999,622.359985,114.32,114.32
2015-09-22,30.40,43.900002,622.690002,113.400002,113.400002
2015-09-21,31.17,44.110001,635.440002,115.209999,115.209999
2015-09-18,30.74,43.48,629.25,113.449997,113.449997
2015-09-17,30.93,44.25,642.900024,113.919998,113.919998
2015-09-16,31.40,44.299999,635.97998,116.410004,116.410004
2015-09-15,31.040001,43.98,635.140015,116.279999,116.279999
2015-09-14,30.32,43.040001,623.23999,115.309998,115.309998
2015-09-11,31.43,43.48,625.77002,114.209999,114.209999
2015-09-10,31.15,43.290001,621.349976,112.57,112.57
2015-09-09,31.52,43.07,612.719971,110.150002,110.150002
2015-09-08,30.90,43.889999,614.659973,112.309998,112.309998
2015-09-04,31.58,42.610001,600.700012,109.269997,109.269997
2015-09-03,32.540001,43.50,606.25,110.370003,110.370003
2015-09-02,31.77,43.360001,614.340027,112.339996,112.339996
2015-09-01,31.60,41.82,597.789978,107.720001,107.720001
2015-08-31,32.240002,43.52,618.25,112.760002,112.760002
2015-08-28,33.139999,43.93,630.380005,113.290001,113.290001
2015-08-27,33.689999,43.900002,637.609985,112.919998,112.919998
2015-08-26,32.52,42.709999,628.619995,109.690002,109.690002
2015-08-25,31.74,40.470001,582.059998,103.739998,103.739998
2015-08-24,31.309999,41.68,589.609985,103.120003,103.120003
2015-08-21,32.93,43.07,612.47998,105.760002,105.760002
2015-08-20,34.099998,45.66,646.830017,112.650002,112.650002
2015-08-19,35.189999,46.610001,660.900024,115.010002,115.010002
2015-08-18,35.689999,47.27,656.130005,116.50,116.50
2015-08-17,36.099998,47.32,660.869995,117.160004,117.160004
2015-08-14,36.240002,47.00,657.119995,115.959999,115.959999
2015-08-13,35.93,46.73,656.450012,115.150002,115.150002
2015-08-12,34.490002,46.740002,659.559998,115.239998,115.239998
2015-08-11,36.029999,46.41,660.780029,113.489998,113.489998
2015-08-10,37.150002,47.330002,633.72998,119.720001,119.720001
2015-08-07,36.669998,46.740002,635.299988,115.519997,115.519997
2015-08-06,36.459999,46.619999,642.679993,115.129997,115.129997
2015-08-05,37.25,47.580002,643.780029,115.400002,115.400002
2015-08-04,37.119999,47.540001,629.25,114.639999,114.639999
2015-08-03,36.689999,46.810001,631.210022,118.440002,118.440002
2015-07-31,36.669998,46.700001,625.609985,121.300003,121.300003
2015-07-30,37.419998,46.880001,632.590027,122.370003,122.370003
2015-07-29,37.669998,46.290001,631.929993,122.989998,122.989998
2015-07-28,37.720001,45.34,628.00,123.379997,123.379997
2015-07-27,37.84,45.349998,627.26001,122.769997,122.769997
2015-07-24,38.849998,45.939999,623.559998,124.50,124.50
2015-07-23,39.209999,46.110001,644.280029,125.160004,125.160004
2015-07-22,39.240002,45.540001,662.099976,125.220001,125.220001
2015-07-21,39.73,47.279999,662.299988,130.75,130.75
2015-07-20,39.540001,46.919998,663.02002,132.070007,132.070007
2015-07-17,39.68,46.619999,672.929993,129.619995,129.619995
2015-07-16,38.91,46.66,579.849976,128.509995,128.509995
2015-07-15,38.380001,45.759998,560.219971,126.82,126.82
2015-07-14,38.630001,45.619999,561.099976,125.610001,125.610001
2015-07-13,38.759998,45.540001,546.549988,125.660004,125.660004
2015-07-10,37.919998,44.610001,530.130005,123.279999,123.279999
2015-07-09,37.610001,44.52,520.679993,120.07,120.07
2015-07-08,37.23,44.240002,516.830017,122.57,122.57
2015-07-07,38.23,44.299999,525.02002,125.690002,125.690002
2015-07-06,38.610001,44.389999,522.859985,126.00,126.00
2015-07-02,39.380001,44.400002,523.400024,126.440002,126.440002
2015-07-01,39.330002,44.450001,521.840027,126.599998,126.599998
2015-06-30,39.290001,44.150002,520.51001,125.43,125.43
2015-06-29,38.91,44.369999,521.52002,124.529999,124.529999
2015-06-26,40.060001,45.259998,531.690002,126.75,126.75
2015-06-25,41.07,45.650002,535.22998,127.50,127.50
2015-06-24,40.939999,45.639999,537.840027,128.110001,128.110001
2015-06-23,40.650002,45.91,540.47998,127.029999,127.029999
2015-06-22,40.73,46.23,538.190002,127.610001,127.610001
2015-06-19,40.509998,46.099998,536.690002,126.599998,126.599998
2015-06-18,40.91,46.720001,536.72998,127.879997,127.879997
2015-06-17,40.959999,45.970001,529.26001,127.300003,127.300003
2015-06-16,40.639999,45.830002,528.150024,127.599998,127.599998
2015-06-15,40.470001,45.48,527.200012,126.919998,126.919998
2015-06-12,40.529999,45.970001,532.330017,127.169998,127.169998
2015-06-11,40.939999,46.439999,534.609985,128.589996,128.589996
2015-06-10,42.060001,46.610001,536.690002,128.880005,128.880005
2015-06-09,41.630001,45.650002,526.690002,127.419998,127.419998
2015-06-08,42.009998,45.73,526.830017,127.800003,127.800003
2015-06-05,42.810001,46.139999,533.330017,128.649994,128.649994
2015-06-04,42.880001,46.360001,536.700012,129.360001,129.360001
2015-06-03,43.209999,46.849998,540.309998,130.119995,130.119995
2015-06-02,43.150002,46.919998,539.179993,129.960007,129.960007
2015-06-01,43.349998,47.23,533.98999,130.539993,130.539993
2015-05-29,42.939999,46.860001,532.109985,130.279999,130.279999
2015-05-28,43.07,47.450001,539.780029,131.779999,131.779999
2015-05-27,43.380001,47.610001,539.789978,132.039993,132.039993
2015-05-26,42.849998,46.59,532.320007,129.619995,129.619995
2015-05-22,43.490002,46.900002,540.109985,132.539993,132.539993
2015-05-21,43.68,47.419998,542.51001,131.389999,131.389999
2015-05-20,42.790001,47.580002,539.27002,130.059998,130.059998
2015-05-19,40.98,47.580002,537.359985,130.070007,130.070007
2015-05-18,44.360001,48.009998,532.299988,130.190002,130.190002
2015-05-15,44.75,48.299999,533.849976,128.770004,128.770004
2015-05-14,44.950001,48.720001,538.400024,128.949997,128.949997
2015-05-13,44.400002,47.630001,529.619995,126.010002,126.010002
2015-05-12,43.84,47.349998,529.039978,125.870003,125.870003
2015-05-11,43.599998,47.369999,535.700012,126.32,126.32
2015-05-08,44.09,47.75,538.219971,127.620003,127.620003
2015-05-07,43.869999,46.700001,530.700012,125.260002,125.260002
2015-05-06,41.66,46.279999,524.219971,125.010002,125.010002
2015-05-05,41.299999,47.599998,530.799988,125.800003,125.800003
2015-05-04,42.040001,48.240002,540.780029,128.699997,128.699997
2015-05-01,42.509998,48.66,537.900024,128.949997,128.949997
2015-04-30,42.57,48.639999,537.340027,125.150002,125.150002
2015-04-29,43.279999,49.060001,549.080017,128.639999,128.639999
2015-04-28,44.34,49.16,553.679993,130.559998,130.559998
2015-04-27,44.360001,48.029999,555.369995,132.649994,132.649994
2015-04-24,44.52,47.869999,565.062561,130.279999,130.279999
2015-04-23,43.700001,43.34,547.002472,129.669998,129.669998
2015-04-22,43.98,42.990002,539.367458,128.619995,128.619995
2015-04-21,44.490002,42.639999,533.972413,126.910004,126.910004
2015-04-20,44.66,42.91,535.382408,127.599998,127.599998
2015-04-17,44.450001,41.619999,524.052386,124.75,124.75
2015-04-16,45.779999,42.16,533.802391,126.169998,126.169998
2015-04-15,45.73,42.259998,532.532429,126.779999,126.779999
2015-04-14,45.529999,41.650002,530.392405,126.300003,126.300003
2015-04-13,44.77,41.759998,539.172466,126.849998,126.849998
2015-04-10,45.18,41.720001,540.012416,127.099998,127.099998
2015-04-09,45.630001,41.48,540.782472,126.559998,126.559998
2015-04-08,45.169998,41.419998,541.612446,125.599998,125.599998
2015-04-07,43.610001,41.529999,537.022404,126.010002,126.010002
2015-04-06,43.669998,41.549999,536.767432,127.349998,127.349998
2015-04-02,44.150002,40.290001,535.532417,125.32,125.32
2015-04-01,44.130001,40.720001,542.562439,124.25,124.25
2015-03-31,44.439999,40.66,548.002468,124.43,124.43
2015-03-30,44.950001,40.959999,552.032502,126.370003,126.370003
2015-03-27,45.099998,40.970001,548.342512,123.25,123.25
2015-03-26,44.470001,41.209999,555.172522,124.239998,124.239998
2015-03-25,44.200001,41.459999,558.787539,123.379997,123.379997
2015-03-24,44.419998,42.900002,570.192597,126.690002,126.690002
2015-03-23,44.720001,42.860001,558.81251,127.209999,127.209999
2015-03-20,45.040001,42.880001,560.362537,125.900002,125.900002
2015-03-19,44.98,42.290001,557.992512,127.50,127.50
2015-03-18,44.669998,42.50,559.502513,128.470001,128.470001
2015-03-17,43.790001,41.700001,550.842471,127.040001,127.040001
2015-03-16,43.509998,41.560001,554.512509,124.949997,124.949997
2015-03-13,42.869999,41.380001,547.322503,123.589996,123.589996
2015-03-12,42.950001,41.02,555.512505,124.449997,124.449997
2015-03-11,42.50,41.98,551.182515,122.239998,122.239998
2015-03-10,42.68,42.029999,555.012538,124.510002,124.510002
2015-03-09,42.98,42.849998,568.852557,127.139999,127.139999
2015-03-06,43.439999,42.360001,567.687558,126.599998,126.599998
2015-03-05,44.16,43.110001,575.332609,126.410004,126.410004
2015-03-04,43.990002,43.060001,573.372583,128.539993,128.539993
2015-03-03,42.619999,43.279999,573.64261,129.360001,129.360001
2015-03-02,44.110001,43.880001,571.342601,129.089996,129.089996
2015-02-27,44.279999,43.849998,558.402511,128.460007,128.460007
2015-02-26,44.450001,44.060001,555.482516,130.419998,130.419998
2015-02-25,44.43,43.990002,543.872489,128.789993,128.789993
2015-02-24,43.380001,44.09,536.092424,132.169998,132.169998
2015-02-23,43.529999,44.150002,531.912381,133.00,133.00
2015-02-20,44.110001,43.860001,538.952441,129.50,129.50
2015-02-19,44.369999,43.50,542.872432,128.449997,128.449997
2015-02-18,43.650002,43.529999,539.702422,128.720001,128.720001
2015-02-17,43.529999,43.580002,542.842443,127.830002,127.830002
2015-02-13,44.419998,43.869999,549.012501,127.080002,127.080002
2015-02-12,43.93,43.09,542.932472,126.459999,126.459999
2015-02-11,42.959999,42.380001,535.972405,124.879997,124.879997
2015-02-10,43.07,42.599998,536.942412,122.019997,122.019997
2015-02-09,42.57,42.360001,527.832406,119.720001,119.720001
2015-02-06,42.939999,42.41,531.002415,118.93,118.93
2015-02-05,43.549999,42.450001,527.582391,119.940002,119.940002
2015-02-04,44.049999,41.84,522.762349,119.559998,119.559998
2015-02-03,44.700001,41.599998,529.2424,118.650002,118.650002
2015-02-02,44.689999,41.279999,528.482381,118.629997,118.629997
2015-01-30,43.990002,40.400002,534.522445,117.160004,117.160004
2015-01-29,43.73,42.009998,510.6623,118.900002,118.900002
2015-01-28,46.459999,41.189999,510.002318,115.309998,115.309998
2015-01-27,47.990002,42.66,518.63237,109.139999,109.139999
2015-01-26,49.439999,47.009998,535.212448,113.099998,113.099998
2015-01-23,48.950001,47.18,539.952437,112.980003,112.980003
2015-01-22,48.889999,47.130001,534.392388,112.400002,112.400002
2015-01-21,48.18,45.919998,518.042373,109.550003,109.550003
2015-01-20,47.630001,46.389999,506.902294,108.720001,108.720001
2015-01-16,46.470001,46.240002,508.082288,105.989998,105.989998
2015-01-15,46.23,45.48,501.792271,106.82,106.82
2015-01-14,47.509998,45.959999,500.872267,109.800003,109.800003
2015-01-13,48.299999,46.360001,496.182251,110.220001,110.220001
2015-01-12,48.799999,46.599998,492.552239,109.25,109.25
2015-01-09,49.720001,47.189999,496.172244,112.010002,112.010002
2015-01-08,50.23,47.59,502.682285,111.889999,111.889999
2015-01-07,48.59,46.23,501.102268,107.75,107.75
2015-01-06,49.209999,45.650002,501.962262,106.260002,106.260002
2015-01-05,49.130001,46.330002,513.872306,106.25,106.25
2015-01-02,50.169998,46.759998,524.812404,109.330002,109.330002
2014-12-31,50.509998,46.450001,526.402397,110.379997,110.379997
2014-12-30,51.220001,47.02,530.422394,112.519997,112.519997
2014-12-29,50.529999,47.450001,530.332426,113.910004,113.910004
2014-12-26,50.860001,47.880001,534.032392,113.989998,113.989998
2014-12-24,50.650002,48.139999,528.772422,112.010002,112.010002
2014-12-23,50.02,48.450001,530.592416,112.540001,112.540001
2014-12-22,51.150002,47.98,524.872383,112.940002,112.940002
2014-12-19,50.880001,47.66,516.352313,111.779999,111.779999
2014-12-18,50.91,47.52,511.102319,112.650002,112.650002
2014-12-17,50.119999,45.740002,504.892295,109.410004,109.410004
2014-12-16,48.849998,45.16,495.392242,106.75,106.75
2014-12-15,49.82,46.669998,513.802351,108.230003,108.230003
2014-12-12,50.240002,46.950001,518.662359,109.730003,109.730003
2014-12-11,49.939999,47.169998,528.34241,111.620003,111.620003
2014-12-10,49.209999,46.900002,526.062353,111.949997,111.949997
2014-12-09,50.509998,47.59,533.37244,114.120003,114.120003
2014-12-08,49.619999,47.700001,526.982357,112.400002,112.400002
2014-12-05,50.990002,48.419998,525.262369,115.00,115.00
2014-12-04,50.41,48.84,537.312445,115.489998,115.489998
2014-12-03,50.279999,48.080002,531.322384,115.93,115.93
2014-12-02,50.669998,48.459999,533.752389,114.629997,114.629997
2014-12-01,50.099998,48.619999,533.802391,115.07,115.07
2014-11-28,51.740002,47.810001,541.832471,118.93,118.93
2014-11-26,51.93,47.75,540.372473,119.00,119.00
2014-11-25,51.720001,47.470001,541.082428,117.599998,117.599998
2014-11-24,51.830002,47.59,539.272471,118.629997,118.629997
2014-11-21,51.040001,47.98,537.502419,116.470001,116.470001
2014-11-20,51.25,48.700001,534.832438,116.309998,116.309998
2014-11-19,50.580002,48.220001,536.992415,114.669998,114.669998
2014-11-18,51.75,48.740002,535.032449,115.470001,115.470001
2014-11-17,52.369999,49.459999,536.512399,113.989998,113.989998
2014-11-14,51.75,49.580002,544.402446,114.18,114.18
2014-11-13,50.50,49.610001,545.38249,112.82,112.82
2014-11-12,50.599998,48.779999,547.312465,111.25,111.25
2014-11-11,49.049999,48.869999,550.292501,109.699997,109.699997
2014-11-10,49.41,48.889999,547.492463,108.830002,108.830002
2014-11-07,48.549999,48.68,541.012473,109.010002,109.010002
2014-11-06,47.93,48.700001,542.042458,108.699997,108.699997
2014-11-05,47.459999,47.860001,545.922484,108.860001,108.860001
2014-11-04,47.080002,47.57,554.112486,108.599998,108.599998
2014-11-03,46.34,47.439999,555.222525,109.400002,109.400002
2014-10-31,46.049999,46.950001,559.082538,108.00,108.00
2014-10-30,45.630001,46.049999,550.312514,106.980003,106.980003
2014-10-29,45.43,46.619999,549.33247,107.339996,107.339996
2014-10-28,45.869999,46.490002,548.902458,106.739998,106.739998
2014-10-27,44.700001,45.91,540.772435,105.110001,105.110001
2014-10-24,43.50,46.130001,539.782415,105.220001,105.220001
2014-10-23,42.599998,45.02,543.982471,104.830002,104.830002
2014-10-22,42.00,44.380001,532.712427,102.989998,102.989998
2014-10-21,40.18,44.880001,526.542369,102.470001,102.470001
2014-10-20,39.279999,44.080002,520.842349,99.760002,99.760002
2014-10-17,38.450001,43.630001,511.172305,97.669998,97.669998
2014-10-16,38.119999,42.740002,524.512387,96.260002,96.260002
2014-10-15,37.82,43.220001,530.032409,97.540001,97.540001
2014-10-14,37.970001,43.73,537.942408,98.75,98.75
2014-10-13,38.380001,43.650002,533.212394,99.809998,99.809998
2014-10-10,39.599998,44.029999,544.492476,100.730003,100.730003
2014-10-09,41.099998,45.849998,560.882518,101.019997,101.019997
2014-10-08,41.080002,46.779999,572.502582,100.800003,100.800003
2014-10-07,40.93,45.529999,563.742534,98.75,98.75
2014-10-06,41.52,46.09,577.352614,99.620003,99.620003
2014-10-03,41.029999,46.09,575.282606,99.620003,99.620003
2014-10-02,40.50,45.759998,570.082554,99.900002,99.900002
2014-10-01,40.32,45.900002,568.272597,99.18,99.18
2014-09-30,40.75,46.360001,577.36259,100.75,100.75
2014-09-29,40.52,46.439999,576.362594,100.110001,100.110001
2014-09-26,40.66,46.41,577.1026,100.75,100.75
2014-09-25,38.950001,46.040001,575.062581,97.870003,97.870003
2014-09-24,39.880001,47.080002,587.992634,101.75,101.75
2014-09-23,39.049999,46.560001,581.132634,102.639999,102.639999
2014-09-22,38.650002,47.060001,587.372648,101.059998,101.059998
2014-09-19,40.93,47.52,596.082692,100.959999,100.959999
2014-09-18,42.09,46.68,589.272695,101.790001,101.790001
2014-09-17,42.59,46.52,584.772622,101.580002,101.580002
2014-09-16,42.709999,46.759998,579.95264,100.860001,100.860001
2014-09-15,42.549999,46.240002,573.102616,101.629997,101.629997
2014-09-12,42.880001,46.700001,575.622589,101.660004,101.660004
2014-09-11,41.259998,47.00,581.352659,101.43,101.43
2014-09-10,41.139999,46.84,583.102636,101.00,101.00
2014-09-09,40.779999,46.759998,581.012615,97.989998,97.989998
2014-09-08,41.810001,46.470001,589.722659,98.360001,98.360001
2014-09-05,39.59,45.91,586.082672,98.970001,98.970001
2014-09-04,39.189999,45.259998,581.982621,98.120003,98.120003
2014-09-03,38.869999,44.959999,577.942611,98.940002,98.940002
2014-09-02,39.27,45.09,577.332601,103.300003,103.300003
2014-08-29,38.509998,45.43,571.602592,102.50,102.50
2014-08-28,38.310001,44.880001,569.202577,102.25,102.25
2014-08-27,38.18,44.869999,571.002557,102.129997,102.129997
2014-08-26,37.790001,45.009998,577.862619,100.889999,100.889999
2014-08-25,37.709999,45.169998,580.202654,101.540001,101.540001
2014-08-22,38.009998,45.150002,582.562642,101.32,101.32
2014-08-21,37.639999,45.220001,583.372664,100.580002,100.580002
2014-08-20,37.50,44.950001,584.492618,100.57,100.57
2014-08-19,37.830002,45.330002,586.862643,100.529999,100.529999
2014-08-18,37.380001,45.110001,582.162619,99.160004,99.160004
2014-08-15,36.470001,44.790001,573.482626,97.980003,97.980003
2014-08-14,36.360001,44.27,574.652582,97.50,97.50
2014-08-13,36.189999,44.080002,574.782577,97.239998,97.239998
2014-08-12,35.52,43.52,562.732562,95.970001,95.970001
2014-08-11,35.790001,43.200001,567.882551,95.989998,95.989998
2014-08-08,35.91,43.200001,568.772565,94.739998,94.739998
2014-08-07,35.66,43.23,563.362525,94.480003,94.480003
2014-08-06,35.790001,42.740002,566.376589,94.959999,94.959999
2014-08-05,35.700001,43.080002,565.072537,95.120003,95.120003
2014-08-04,36.529999,43.369999,573.152619,95.589996,95.589996
2014-08-01,35.619999,42.860001,566.072533,96.129997,96.129997
2014-07-31,35.810001,43.16,571.602592,95.599998,95.599998
2014-07-30,36.599998,43.580002,587.42265,98.150002,98.150002
2014-07-29,35.68,43.889999,585.612633,98.379997,98.379997
2014-07-28,35.900002,43.970001,590.602697,99.019997,99.019997
2014-07-25,36.119999,44.50,589.022681,97.669998,97.669998
2014-07-24,36.169998,44.400002,593.352671,97.029999,97.029999
2014-07-23,34.709999,44.869999,595.982686,97.190002,97.190002
2014-07-22,33.599998,44.830002,594.742713,94.720001,94.720001
2014-07-21,33.279999,44.84,589.472645,93.940002,93.940002
2014-07-18,33.330002,44.689999,595.082696,94.43,94.43
2014-07-17,33.209999,44.529999,573.732579,93.089996,93.089996
2014-07-16,33.790001,44.080002,582.662648,94.779999,94.779999
2014-07-15,35.610001,42.450001,584.782659,95.32,95.32
2014-07-14,35.700001,42.139999,584.872627,96.449997,96.449997
2014-07-11,35.43,42.09,579.182645,95.220001,95.220001
2014-07-10,34.93,41.689999,571.102563,95.040001,95.040001
2014-07-09,34.849998,41.669998,576.08259,95.389999,95.389999
2014-07-08,34.529999,41.779999,571.092587,95.349998,95.349998
2014-07-07,35.52,41.990002,582.252649,95.970001,95.970001
2014-07-03,36.139999,41.799999,584.732656,94.029999,94.029999
2014-07-02,35.880001,41.900002,582.33766,93.480003,93.480003
2014-07-01,35.349998,41.869999,582.672624,93.519997,93.519997
2014-06-30,35.130001,41.700001,575.282606,92.93,92.93
2014-06-27,34.25,42.25,577.242632,91.980003,91.980003
2014-06-26,33.66,41.720001,576.002598,90.900002,90.900002
2014-06-25,33.25,42.029999,578.652627,90.360001,90.360001
2014-06-24,33.48,41.75,564.622572,90.279999,90.279999
2014-06-23,33.639999,41.990002,564.952579,90.830002,90.830002
2014-06-20,34.049999,41.68,556.362492,90.910004,90.910004
2014-06-19,34.68,41.509998,554.902495,91.860001,91.860001
2014-06-18,34.939999,41.650002,553.372481,92.18,92.18
2014-06-17,34.43,41.68,543.012465,92.080002,92.080002
2014-06-16,34.810001,41.50,544.282488,92.199997,92.199997
2014-06-13,36.939999,41.23,551.762475,91.279999,91.279999
2014-06-12,36.779999,40.580002,551.352476,92.290001,92.290001
2014-06-11,36.630001,40.860001,558.842499,93.860001,93.860001
2014-06-10,36.310001,41.110001,560.552511,94.25,94.25
2014-06-09,36.040001,41.27,562.122552,93.699997,93.699997
2014-06-06,35.919998,41.48,556.332503,645.570023,645.570023
2014-06-05,34.939999,41.209999,553.902499,647.349983,647.349983
2014-06-04,34.73,40.32,544.662436,644.819992,644.819992
2014-06-03,34.650002,40.290001,544.94244,637.539986,637.539986
2014-06-02,34.869999,40.790001,553.932488,628.650009,628.650009
2014-05-30,34.650002,40.939999,559.892559,633.000015,633.000015
2014-05-29,34.900002,40.34,560.082534,635.37999,635.37999
2014-05-28,34.779999,40.009998,561.682564,624.01001,624.01001
2014-05-27,35.119999,40.189999,565.952575,625.63002,625.63002
2014-05-23,35.02,40.119999,552.702492,614.129997,614.129997
2014-05-22,34.700001,40.099998,545.062459,607.269974,607.269974
2014-05-21,34.360001,40.349998,538.942465,606.310005,606.310005
2014-05-20,33.869999,39.68,529.772418,604.710022,604.710022
2014-05-19,33.889999,39.75,528.862391,604.590019,604.590019
2014-05-16,33.41,39.830002,520.632362,597.510017,597.510017
2014-05-15,33.799999,39.599998,519.982324,588.819992,588.819992
2014-05-14,34.169998,40.240002,526.652412,593.869987,593.869987
2014-05-13,34.400002,40.419998,533.092437,593.760025,593.760025
2014-05-12,34.450001,39.970001,529.922427,592.830017,592.830017
2014-05-09,33.759998,39.540001,518.732375,585.540024,585.540024
2014-05-08,33.919998,39.639999,511.002313,587.990013,587.990013
2014-05-07,34.07,39.419998,509.962321,592.329979,592.329979
2014-05-06,36.490002,39.060001,515.14233,594.410027,594.410027
2014-05-05,36.91,39.43,527.812392,600.959976,600.959976
2014-05-02,36.869999,39.689999,527.932411,592.580025,592.580025
2014-05-01,36.509998,40.00,531.352435,591.480026,591.480026
2014-04-30,35.950001,40.400002,526.662388,590.089981,590.089981
2014-04-29,35.830002,40.509998,527.70241,592.329979,592.329979
2014-04-28,33.990002,40.869999,517.152359,594.090019,594.090019
2014-04-25,34.48,39.91,516.182352,571.93998,571.93998
2014-04-24,35.240002,39.860001,525.162363,567.770004,567.770004
2014-04-23,35.439999,39.689999,526.942391,524.750008,524.750008
2014-04-22,36.139999,39.990002,534.812425,531.70002,531.70002
2014-04-21,36.400002,39.939999,528.622414,531.170021,531.170021
2014-04-17,36.380001,40.009998,536.1024,524.940025,524.940025
2014-04-16,36.349998,40.400002,556.54249,519.01001,519.01001
2014-04-15,34.209999,39.75,536.442444,517.959999,517.959999
2014-04-14,33.450001,39.18,532.522392,521.679977,521.679977
2014-04-11,32.869999,39.209999,530.602392,519.610023,519.610023
2014-04-10,33.400002,39.360001,540.952433,523.480019,523.480019
2014-04-09,34.869999,40.470001,564.142557,530.320015,530.320015
2014-04-08,33.830002,39.82,554.902495,523.440018,523.440018
2014-04-07,33.07,39.799999,538.152456,523.469978,523.469978
2014-04-04,34.259998,39.869999,543.14246,531.820023,531.820023
2014-04-03,35.759998,41.009998,569.742571,538.790009,538.790009
2014-04-02,36.639999,41.349998,567.002574,542.549988,542.549988
2014-04-01,36.490002,41.419998,567.162558,541.649994,541.649994
2014-03-31,35.900002,40.990002,556.972503,536.739975,536.739975
2014-03-28,35.900002,40.299999,559.992565,536.859978,536.859978
2014-03-27,35.59,39.360001,558.462551,537.459991,537.459991
2014-03-26,35.450001,39.790001,1131.971918,539.779991,539.779991
2014-03-25,35.93,40.34,1158.722002,544.98999,544.98999
2014-03-24,36.68,40.50,1157.931941,539.190018,539.190018
2014-03-21,37.939999,40.16,1183.041986,532.86998,532.86998
2014-03-20,37.77,40.330002,1197.161999,528.700005,528.700005
2014-03-19,38.610001,39.27,1199.252083,531.26001,531.26001
2014-03-18,39.450001,39.549999,1211.262039,531.399986,531.399986
2014-03-17,39.110001,38.049999,1192.102079,526.740013,526.740013
2014-03-14,37.599998,37.700001,1172.80207,524.68998,524.68998
2014-03-13,37.23,37.889999,1189.062036,530.650009,530.650009
2014-03-12,37.50,38.27,1207.302054,536.609985,536.609985
2014-03-11,37.560001,38.02,1199.99203,536.089973,536.089973
2014-03-10,38.049999,37.82,1211.572035,530.919975,530.919975
2014-03-07,38.700001,37.900002,1214.792073,530.440018,530.440018
2014-03-06,39.66,38.150002,1219.612082,530.749985,530.749985
2014-03-05,39.50,38.110001,1218.262068,532.360008,532.360008
2014-03-04,39.630001,38.41,1214.912028,531.239983,531.239983
2014-03-03,38.25,37.779999,1202.692058,527.76001,527.76001
2014-02-28,38.669998,38.310001,1215.652097,526.239975,526.239975
2014-02-27,38.470001,37.860001,1219.212151,527.670021,527.670021
2014-02-26,37.619999,37.470001,1220.172036,517.349998,517.349998
2014-02-25,37.259998,37.540001,1220.002089,522.060013,522.060013
2014-02-24,37.419998,37.689999,1212.512071,527.550018,527.550018
2014-02-21,37.290001,37.98,1203.792115,525.249992,525.249992
2014-02-20,37.790001,37.75,1204.112036,531.149994,531.149994
2014-02-19,37.810001,37.509998,1202.342118,537.370003,537.370003
2014-02-18,38.310001,37.419998,1210.88208,545.990013,545.990013
2014-02-14,38.23,37.619999,1202.802088,543.990021,543.990021
2014-02-13,38.52,37.610001,1199.902094,544.429977,544.429977
2014-02-12,38.110001,37.470001,1186.691975,535.919983,535.919983
2014-02-11,38.50,37.169998,1190.182065,535.959984,535.959984
2014-02-10,37.759998,36.799999,1172.93195,528.989998,528.989998
2014-02-07,37.23,36.560001,1177.441963,519.679985,519.679985
2014-02-06,36.240002,36.18,1159.961986,512.509995,512.509995
2014-02-05,35.490002,35.82,1143.201984,512.589996,512.589996
2014-02-04,35.66,36.349998,1138.161914,508.790016,508.790016
2014-02-03,34.900002,36.48,1133.431963,501.529984,501.529984
2014-01-31,36.009998,37.84,1180.971997,500.599976,500.599976
2014-01-30,35.310001,36.860001,1135.391922,499.779984,499.779984
2014-01-29,34.889999,36.66,1106.921912,500.749992,500.749992
2014-01-28,38.220001,36.27,1123.01193,506.499977,506.499977
2014-01-27,36.650002,36.029999,1101.23183,550.500023,550.500023
2014-01-24,37.91,36.810001,1123.831888,546.070015,546.070015
2014-01-23,39.389999,36.060001,1160.102036,556.179993,556.179993
2014-01-22,40.18,35.93,1165.022028,551.509979,551.509979
2014-01-21,39.52,36.169998,1163.702033,549.069977,549.069977
2014-01-17,40.009998,36.380001,1150.53198,540.669998,540.669998
2014-01-16,40.34,36.889999,1156.221939,554.250015,554.250015
2014-01-15,41.07,36.759998,1148.622013,557.359993,557.359993
2014-01-14,41.139999,35.779999,1149.402027,546.390022,546.390022
2014-01-13,39.990002,34.98,1122.981911,535.730019,535.730019
2014-01-10,41.23,36.040001,1130.181906,532.939995,532.939995
2014-01-09,40.919998,35.529999,1130.241944,536.519997,536.519997
2014-01-08,41.02,35.759998,1141.231977,543.460022,543.460022
2014-01-07,40.919998,36.41,1138.861917,540.040024,540.040024
2014-01-06,39.93,36.130001,1117.321972,543.929993,543.929993
2014-01-03,40.119999,36.91,1105.001897,540.980019,540.980019
2014-01-02,39.59,37.16,1113.121955,553.12999,553.12999
2013-12-31,40.439999,37.41,1120.711956,561.019997,561.019997
2013-12-30,40.200001,37.290001,1109.461919,554.519981,554.519981
2013-12-27,40.490002,37.290001,1118.401934,560.089989,560.089989
2013-12-26,40.650002,37.439999,1117.461899,563.900009,563.900009
2013-12-24,40.849998,37.080002,1111.841904,567.669975,567.669975
2013-12-23,40.77,36.619999,1115.101886,570.090004,570.090004
2013-12-20,40.119999,36.799999,1100.621886,549.019989,549.019989
2013-12-19,40.200001,36.25,1086.221897,544.459991,544.459991
2013-12-18,40.040001,36.580002,1084.751805,550.769989,550.769989
2013-12-17,39.509998,36.52,1069.861826,554.990005,554.990005
2013-12-16,39.73,36.889999,1072.981881,557.500023,557.500023
2013-12-13,39.73,36.689999,1060.791808,554.429993,554.429993
2013-12-12,39.349998,37.220001,1069.961809,560.539986,560.539986
2013-12-11,39.16,37.610001,1077.291806,561.359978,561.359978
2013-12-10,40.220001,38.110001,1084.661869,565.54998,565.54998
2013-12-09,38.869999,38.709999,1078.141905,566.43,566.43
2013-12-06,38.860001,38.360001,1069.871873,560.019974,560.019974
2013-12-05,38.869999,38.00,1057.341785,567.899994,567.899994
2013-12-04,38.130001,38.939999,1058.181837,565.000008,565.000008
2013-12-03,36.560001,38.310001,1053.261845,566.319984,566.319984
2013-12-02,37.009998,38.450001,1054.481857,551.230026,551.230026
2013-11-29,36.98,38.130001,1059.591768,556.069977,556.069977
2013-11-27,36.959999,37.599998,1063.111877,545.959999,545.959999
2013-11-26,36.639999,37.349998,1058.411823,533.399979,533.399979
2013-11-25,36.290001,37.639999,1045.931848,523.739998,523.739998
2013-11-22,36.490002,37.57,1031.891724,519.799988,519.799988
2013-11-21,36.299999,37.400002,1034.071744,521.139992,521.139992
2013-11-20,35.619999,37.080002,1022.311744,514.999985,514.999985
2013-11-19,34.630001,36.740002,1025.201753,519.549995,519.549995
2013-11-18,34.98,37.200001,1031.551709,518.629974,518.629974
2013-11-15,35.470001,37.84,1033.561782,524.990013,524.990013
2013-11-14,35.689999,38.02,1035.231717,528.160019,528.160019
2013-11-13,35.099998,38.16,1032.471772,520.63002,520.63002
2013-11-12,34.07,37.360001,1011.781743,520.009979,520.009979
2013-11-11,33.82,37.59,1010.59175,519.050011,519.050011
2013-11-08,33.119999,37.779999,1016.031752,520.560005,520.560005
2013-11-07,32.110001,37.50,1007.951699,512.490021,512.490021
2013-11-06,32.880001,38.18,1022.751743,520.920013,520.920013
2013-11-05,32.970001,36.639999,1021.521745,525.449997,525.449997
2013-11-04,33.189999,35.939999,1026.111769,526.75,526.75
2013-11-01,33.18,35.529999,1027.041757,520.030006,520.030006
2013-10-31,32.939999,35.41,1030.581776,522.699974,522.699974
2013-10-30,32.57,35.540001,1030.421755,524.900024,524.900024
2013-10-29,33.169998,35.52,1036.241716,516.680023,516.680023
2013-10-28,32.349998,35.57,1015.001719,529.880005,529.880005
2013-10-25,32.25,35.73,1015.201747,525.960022,525.960022
2013-10-24,33.080002,33.720001,1025.551754,531.910011,531.910011
2013-10-23,33.099998,33.759998,1031.411782,524.959999,524.959999
2013-10-22,33.939999,34.580002,1007.001739,519.870003,519.870003
2013-10-21,34.060001,34.990002,1003.301698,521.360023,521.360023
2013-10-18,33.43,34.959999,1011.411708,508.889992,508.889992
2013-10-17,32.740002,34.919998,888.791495,504.499985,504.499985
2013-10-16,33.09,34.639999,898.031521,501.110001,501.110001
2013-10-15,33.380001,34.490002,882.011527,498.679985,498.679985
2013-10-14,34.00,34.450001,876.111494,496.039978,496.039978
2013-10-11,34.150002,34.130001,871.991487,492.809998,492.809998
2013-10-10,33.869999,33.759998,868.241516,489.639992,489.639992
2013-10-09,33.009998,33.07,855.861463,486.589989,486.589989
2013-10-08,32.93,33.009998,853.671458,480.93998,480.93998
2013-10-07,34.139999,33.299999,865.741514,487.750015,487.750015
2013-10-04,34.889999,33.880001,872.351475,483.030014,483.030014
2013-10-03,33.880001,33.860001,876.091522,483.409996,483.409996
2013-10-02,34.139999,33.919998,887.991509,489.55999,489.55999
2013-10-01,34.310001,33.580002,887.001544,487.960007,487.960007
2013-09-30,33.169998,33.279999,875.911528,476.749977,476.749977
2013-09-27,33.549999,33.27,876.391532,482.750008,482.750008
2013-09-26,32.75,32.77,878.171497,486.219994,486.219994
2013-09-25,31.34,32.509998,877.231523,481.530006,481.530006
2013-09-24,31.27,32.450001,886.841522,489.100006,489.100006
2013-09-23,30.26,32.740002,886.501507,490.640015,490.640015
2013-09-20,30.93,32.790001,903.111535,467.410004,467.410004
2013-09-19,31.030001,33.639999,898.391569,472.299995,472.299995
2013-09-18,30.440001,33.32,903.321548,464.680008,464.680008
2013-09-17,30.00,32.93,886.1115,455.320007,455.320007
2013-09-16,29.620001,32.799999,887.761524,450.119995,450.119995
2013-09-13,29.26,33.029999,889.071533,464.899986,464.899986
2013-09-12,29.65,32.689999,893.061537,472.690018,472.690018
2013-09-11,29.190001,32.740002,896.191517,467.709984,467.709984
2013-09-10,29.48,32.389999,888.67154,494.639999,494.639999
2013-09-09,29.24,31.66,888.051548,506.169983,506.169983
2013-09-06,28.17,31.15,879.581489,498.220001,498.220001
2013-09-05,28.23,31.23,879.561517,495.269974,495.269974
2013-09-04,28.07,31.200001,871.6315,498.690025,498.690025
2013-09-03,27.780001,31.879999,860.381462,488.579994,488.579994
2013-08-30,27.120001,33.400002,846.901475,487.220016,487.220016
2013-08-29,27.299999,33.549999,855.431451,491.700012,491.700012
2013-08-28,27.110001,33.02,848.551438,490.899994,490.899994
2013-08-27,27.00,33.259998,850.151471,488.589981,488.589981
2013-08-26,27.700001,34.150002,866.391464,502.970016,502.970016
2013-08-23,27.99,34.75,870.211522,501.020012,501.020012
2013-08-22,27.90,32.389999,873.711475,502.959976,502.959976
2013-08-21,27.059999,31.610001,869.331464,502.360016,502.360016
2013-08-20,27.120001,31.620001,865.421471,501.07,501.07
2013-08-19,26.91,31.389999,865.651456,507.740005,507.740005
2013-08-16,27.32,31.799999,856.911467,502.330002,502.330002
2013-08-15,27.139999,31.790001,859.661487,497.909981,497.909981
2013-08-14,28.049999,32.349998,869.811468,498.500008,498.500008
2013-08-13,28.34,32.23,881.251485,489.569977,489.569977
2013-08-12,28.35,32.869999,885.511541,467.360016,467.360016
2013-08-09,27.68,32.700001,890.4115,454.449974,454.449974
2013-08-08,27.48,32.889999,892.661544,461.010017,461.010017
2013-08-07,27.389999,32.060001,890.651532,464.979988,464.979988
2013-08-06,27.32,31.58,896.571537,465.250008,465.250008
2013-08-05,27.67,31.700001,905.00153,469.449997,469.449997
2013-08-02,27.65,31.889999,906.571544,462.539986,462.539986
2013-08-01,27.959999,31.67,904.221578,456.679985,456.679985
2013-07-31,28.09,31.84,887.751538,452.529984,452.529984
2013-07-30,28.049999,31.85,890.921523,453.320015,453.320015
2013-07-29,27.93,31.540001,882.271531,447.790009,447.790009
2013-07-26,28.110001,31.620001,885.351519,440.990013,440.990013
2013-07-25,28.27,31.389999,887.701547,438.499996,438.499996
2013-07-24,27.84,31.959999,902.901521,440.510002,440.510002
2013-07-23,27.360001,31.82,903.801551,418.98999,418.98999
2013-07-22,27.860001,32.009998,910.701536,426.309998,426.309998
2013-07-19,29.110001,31.40,896.601557,424.949993,424.949993
2013-07-18,29.66,35.439999,910.681564,431.760002,431.760002
2013-07-17,29.66,35.740002,918.551603,430.310009,430.310009
2013-07-16,26.879999,36.27,919.611594,430.199993,430.199993
2013-07-15,27.34,36.169998,924.691608,427.44001,427.44001
2013-07-12,27.23,35.669998,923.001578,426.510002,426.510002
2013-07-11,27.040001,35.689999,920.241572,427.289993,427.289993
2013-07-10,26.559999,34.700001,905.991557,420.730003,420.730003
2013-07-09,26.68,34.349998,905.241563,422.349987,422.349987
2013-07-08,25.530001,34.330002,905.091527,415.050007,415.050007
2013-07-05,25.68,34.209999,893.491549,417.419994,417.419994
2013-07-03,25.59,34.009998,886.431543,420.799992,420.799992
2013-07-02,24.99,33.939999,882.311537,418.490005,418.490005
2013-07-01,25.24,34.360001,887.88154,409.219994,409.219994
2013-06-28,25.129999,34.540001,880.371488,396.53001,396.53001
2013-06-27,25.469999,34.619999,877.071501,393.779987,393.779987
2013-06-26,25.290001,34.349998,873.651498,398.069992,398.069992
2013-06-25,24.959999,33.669998,866.201484,402.62999,402.62999
2013-06-24,24.07,33.720001,869.791496,402.540001,402.540001
2013-06-21,25.190001,33.27,880.931503,413.500011,413.500011
2013-06-20,25.35,33.490002,884.741513,416.840008,416.840008
2013-06-19,26.24,34.59,900.681558,422.999989,422.999989
2013-06-18,26.66,34.98,900.621519,431.769989,431.769989
2013-06-17,26.540001,35.00,886.251549,432.000008,432.000008
2013-06-14,26.280001,34.400002,875.041517,430.050003,430.050003
2013-06-13,26.370001,34.720001,877.001476,435.959991,435.959991
2013-06-12,25.889999,35.00,871.981501,432.189999,432.189999
2013-06-11,26.40,34.84,879.811535,437.600002,437.600002
2013-06-10,26.74,35.470001,890.22152,438.889992,438.889992
2013-06-07,27.040001,35.669998,879.731524,441.810005,441.810005
2013-06-06,26.209999,34.959999,864.641457,438.459995,438.459995
2013-06-05,25.75,34.779999,859.701493,445.110001,445.110001
2013-06-04,26.26,34.990002,859.101473,449.30999,449.30999
2013-06-03,26.389999,35.59,867.63151,450.720009,450.720009
2013-05-31,26.299999,34.900002,871.221521,449.730026,449.730026
2013-05-30,26.33,35.029999,870.761489,451.580002,451.580002
2013-05-29,25.809999,34.880001,868.311479,444.949997,444.949997
2013-05-28,26.07,35.02,881.271518,441.44001,441.44001
2013-05-24,26.33,34.27,873.321468,445.150002,445.150002
2013-05-23,26.02,34.150002,882.79154,442.139999,442.139999
2013-05-22,26.540001,34.610001,889.421534,441.349995,441.349995
2013-05-21,27.00,34.849998,906.971536,439.659996,439.659996
2013-05-20,26.58,35.080002,908.531564,442.930004,442.930004
2013-05-17,26.52,34.869999,909.181575,433.26001,433.26001
2013-05-16,26.58,34.080002,903.871576,434.580013,434.580013
2013-05-15,27.34,33.849998,915.89158,428.850002,428.850002
2013-05-14,26.639999,33.529999,887.101527,443.860012,443.860012
2013-05-13,26.389999,33.029999,877.531533,454.740021,454.740021
2013-05-10,26.83,32.689999,880.2315,452.969994,452.969994
2013-05-09,26.24,32.66,871.481464,456.769974,456.769974
2013-05-08,26.41,32.990002,873.631526,463.839989,463.839989
2013-05-07,26.07,33.310001,857.231449,458.660004,458.660004
2013-05-06,25.17,33.75,861.551483,460.709984,460.709984
2013-05-03,25.07,33.490002,845.721469,449.980019,449.980019
2013-05-02,24.969999,33.16,829.611416,445.519997,445.519997
2013-05-01,24.299999,32.720001,820.431429,439.290001,439.290001
2013-04-30,24.73,33.099998,824.571408,442.779987,442.779987
2013-04-29,24.43,32.610001,819.061382,430.119991,430.119991
2013-04-26,24.68,31.790001,801.421383,417.199989,417.199989
2013-04-25,25.200001,31.940001,809.101381,408.380001,408.380001
2013-04-24,24.75,31.76,813.451373,405.459988,405.459988
2013-04-23,24.379999,30.60,807.901403,406.12999,406.12999
2013-04-22,23.950001,30.83,800.111374,398.670006,398.670006
2013-04-19,23.469999,29.77,799.871342,390.530006,390.530006
2013-04-18,23.26,28.790001,765.911339,392.049988,392.049988
2013-04-17,23.700001,28.83,782.561372,402.800007,402.800007
2013-04-16,23.790001,28.969999,793.37135,426.240009,426.240009
2013-04-15,23.98,28.690001,781.931333,419.85001,419.85001
2013-04-12,24.690001,28.790001,790.051329,429.800011,429.800011
2013-04-11,24.49,28.940001,790.391345,434.329994,434.329994
2013-04-10,24.200001,30.280001,790.181331,435.689999,435.689999
2013-04-09,23.83,29.610001,777.651304,426.98,426.98
2013-04-08,23.48,28.59,774.851354,426.209995,426.209995
2013-04-05,23.299999,28.700001,783.051362,423.199993,423.199993
2013-04-04,23.52,28.60,795.071366,427.71999,427.71999
2013-04-03,23.379999,28.559999,806.201387,431.989994,431.989994
2013-04-02,23.780001,28.799999,813.041394,429.789997,429.789997
2013-04-01,23.50,28.610001,801.191398,428.910004,428.910004
2013-03-28,23.530001,28.610001,794.191369,442.660011,442.660011
2013-03-27,23.59,28.370001,802.661367,452.079987,452.079987
2013-03-26,23.59,28.16,812.421402,461.140007,461.140007
2013-03-25,23.379999,28.16,809.641362,463.580009,463.580009
2013-03-22,23.26,28.25,810.311407,461.910011,461.910011
2013-03-21,22.860001,28.110001,811.261367,452.729988,452.729988
2013-03-20,22.10,28.32,814.71139,452.079987,452.079987
2013-03-19,22.17,28.18,811.321406,454.489975,454.489975
2013-03-18,22.01,28.10,807.791372,455.720016,455.720016
2013-03-15,22.07,28.040001,814.301411,443.660007,443.660007
2013-03-14,22.43,28.139999,821.541411,432.499992,432.499992
2013-03-13,22.34,27.92,825.311416,428.349991,428.349991
2013-03-12,22.40,27.91,827.611391,428.429993,428.429993
2013-03-11,22.60,27.870001,834.821433,437.869995,437.869995
2013-03-08,22.90,28.00,831.521445,431.720001,431.720001
2013-03-07,22.700001,28.139999,832.601408,430.580002,430.580002
2013-03-06,22.799999,28.09,831.381396,425.659996,425.659996
2013-03-05,22.950001,28.35,838.601424,431.139988,431.139988
2013-03-04,22.700001,28.15,821.501406,420.049988,420.049988
2013-03-01,21.940001,27.950001,806.191401,430.470013,430.470013
2013-02-28,21.309999,27.799999,801.201384,441.400009,441.400009
2013-02-27,21.16,27.809999,799.781345,444.569988,444.569988
2013-02-26,20.76,27.370001,790.13134,448.970009,448.970009
2013-02-25,20.73,27.370001,790.771365,442.799988,442.799988
2013-02-22,21.219999,27.76,799.711381,450.809998,450.809998
2013-02-21,20.83,27.49,795.531336,446.060009,446.060009
2013-02-20,20.92,27.870001,792.461334,448.850006,448.850006
2013-02-19,21.290001,28.049999,806.851398,459.990021,459.990021
2013-02-15,21.02,28.01,792.891346,460.160011,460.160011
2013-02-14,21.18,28.040001,787.82138,466.590012,466.590012
2013-02-13,21.15,28.030001,782.861321,467.009995,467.009995
2013-02-12,21.209999,27.879999,780.701335,467.900002,467.900002
2013-02-11,20.90,27.860001,782.421322,479.930023,479.930023
2013-02-08,20.50,27.549999,785.371369,474.980003,474.980003
2013-02-07,20.32,27.280001,773.951324,468.220009,468.220009
2013-02-06,19.85,27.34,770.171333,457.350014,457.350014
2013-02-05,19.66,27.50,765.741331,457.840012,457.840012
2013-02-04,19.34,27.440001,759.021279,442.320004,442.320004
2013-02-01,19.76,27.93,775.601349,453.619995,453.619995
2013-01-31,19.629999,27.450001,755.691272,455.489998,455.489998
2013-01-30,20.120001,27.85,753.831296,456.830002,456.830002
2013-01-29,19.700001,28.01,753.681322,458.269981,458.269981
2013-01-28,20.309999,27.91,750.731274,449.830002,449.830002
2013-01-25,20.370001,27.879999,753.671274,439.880001,439.880001
2013-01-24,20.440001,27.629999,754.211317,450.499977,450.499977
2013-01-23,20.110001,27.610001,741.501296,514.010002,514.010002
2013-01-22,19.90,27.15,702.871197,504.770004,504.770004
2013-01-18,20.02,27.25,704.511235,500.000015,500.000015
2013-01-17,20.129999,27.25,711.321223,502.680023,502.680023
2013-01-16,20.07,27.040001,715.191211,506.089981,506.089981
2013-01-15,19.52,27.209999,724.931273,485.920013,485.920013
2013-01-14,19.43,26.889999,723.25123,501.750015,501.750015
2013-01-11,19.290001,26.83,739.99126,520.300026,520.300026
2013-01-10,18.99,26.459999,741.481263,523.509979,523.509979
2013-01-09,19.32,26.700001,738.121237,517.100006,517.100006
2013-01-08,19.66,26.549999,733.301227,525.31002,525.31002
2013-01-07,19.40,26.690001,734.751286,523.900002,523.900002
2013-01-04,19.860001,26.74,737.971262,526.999992,526.999992
2013-01-03,19.780001,27.25,723.671256,542.099991,542.099991
2013-01-02,20.08,27.620001,723.25123,549.029976,549.029976
2012-12-31,19.90,26.709999,707.38121,532.169991,532.169991
2012-12-28,19.50,26.549999,700.011208,509.589981,509.589981
2012-12-27,19.60,26.959999,706.2912,515.060013,515.060013
2012-12-26,19.57,26.860001,708.871213,512.999992,512.999992
2012-12-24,19.65,27.059999,709.501191,520.169983,520.169983
2012-12-21,19.35,27.450001,715.631209,519.330017,519.330017
2012-12-20,19.690001,27.68,722.361247,521.730019,521.730019
2012-12-19,19.60,27.309999,720.111264,526.30999,526.30999
2012-12-18,19.620001,27.559999,721.07121,533.900017,533.900017
2012-12-17,19.690001,27.10,720.781248,518.829979,518.829979
2012-12-14,19.639999,26.809999,701.961181,509.789986,509.789986
2012-12-13,19.35,27.110001,702.701189,529.689987,529.689987
2012-12-12,19.379999,27.24,697.561198,539.00,539.00
2012-12-11,19.52,27.32,696.881167,541.390015,541.390015
2012-12-10,19.43,26.940001,685.421178,529.819977,529.819977
2012-12-07,19.200001,26.459999,684.211152,533.250015,533.250015
2012-12-06,19.200001,26.73,691.13117,547.239975,547.239975
2012-12-05,18.889999,26.67,687.821196,538.790009,538.790009
2012-12-04,18.93,26.370001,691.031187,575.849976,575.849976
2012-12-03,18.549999,26.43,695.251176,586.190025,586.190025
2012-11-30,18.77,26.620001,698.37117,585.279991,585.279991
2012-11-29,18.870001,26.950001,691.891211,589.359978,589.359978
2012-11-28,18.91,27.360001,683.67117,582.940018,582.940018
2012-11-27,18.93,27.08,670.711131,584.780006,584.780006
2012-11-26,18.76,27.389999,661.151123,589.530022,589.530022
2012-11-23,18.57,27.700001,667.971158,571.500023,571.500023
2012-11-21,18.40,26.950001,665.87115,561.700012,561.700012
2012-11-20,18.24,26.709999,669.971123,560.909981,560.909981
2012-11-19,18.360001,26.73,668.21113,565.730011,565.730011
2012-11-16,17.860001,26.52,647.181085,527.680008,527.680008
2012-11-15,17.889999,26.66,647.261096,525.619987,525.619987
2012-11-14,17.83,26.84,652.551123,536.880005,536.880005
2012-11-13,17.85,27.09,659.051115,542.900009,542.900009
2012-11-12,17.51,28.219999,665.901169,542.829994,542.829994
2012-11-09,17.26,28.83,663.031133,547.059998,547.059998
2012-11-08,17.24,28.809999,652.291119,537.749985,537.749985
2012-11-07,17.389999,29.08,667.12112,558.000008,558.000008
2012-11-06,17.459999,29.860001,681.721197,582.849976,582.849976
2012-11-05,17.370001,29.629999,682.961182,584.620003,584.620003
2012-11-02,17.110001,29.50,687.921179,576.800011,576.800011
2012-11-01,16.950001,29.52,687.59115,596.540009,596.540009
2012-10-31,16.84,28.540001,680.301158,595.320007,595.320007
2012-10-26,16.790001,28.209999,675.151181,603.999992,603.999992
2012-10-25,16.610001,27.879999,677.761151,609.539986,609.539986
2012-10-24,16.549999,27.90,677.301181,616.829979,616.829979
2012-10-23,16.67,28.049999,680.35115,613.359993,613.359993
2012-10-22,15.77,28.00,678.671167,634.029999,634.029999
2012-10-19,15.84,28.639999,681.791161,609.840019,609.840019
2012-10-18,16.00,29.50,695.001219,632.640007,632.640007
2012-10-17,16.09,29.59,755.491306,644.610001,644.610001
2012-10-16,15.92,29.49,744.7013,649.789986,649.789986
2012-10-15,15.68,29.51,740.981287,634.760002,634.760002
2012-10-12,15.88,29.200001,744.751292,629.710007,629.710007
2012-10-11,15.92,28.950001,751.481269,628.099983,628.099983
2012-10-10,15.83,28.98,744.561251,640.909996,640.909996
2012-10-09,15.85,29.280001,744.091294,635.850014,635.850014
2012-10-08,16.030001,29.780001,757.841272,638.170013,638.170013
2012-10-05,16.09,29.85,767.651298,652.589996,652.589996
2012-10-04,16.27,30.030001,768.051291,666.799988,666.799988
2012-10-03,16.209999,29.860001,762.501321,671.449974,671.449974
2012-10-02,15.94,29.66,756.991295,661.309982,661.309982
2012-10-01,15.83,29.49,761.781285,659.389992,659.389992
2012-09-28,15.98,29.76,754.501279,667.100021,667.100021
2012-09-27,16.040001,30.16,756.501305,681.32,681.32
2012-09-26,15.61,30.17,753.461322,665.179977,665.179977
2012-09-25,15.68,30.389999,749.161261,673.540009,673.540009
2012-09-24,16.00,30.780001,749.38126,690.790016,690.790016
2012-09-21,15.74,31.190001,733.991244,700.089989,700.089989
2012-09-20,15.79,31.450001,728.121231,698.699997,698.699997
2012-09-19,15.86,31.049999,727.501238,702.100021,702.100021
2012-09-18,15.91,31.18,718.281246,701.910004,701.910004
2012-09-17,15.68,31.209999,709.981194,699.780022,699.780022
2012-09-14,15.77,31.209999,709.681246,691.280014,691.280014
2012-09-13,15.60,30.940001,706.041182,682.980011,682.980011
2012-09-12,15.40,30.780001,690.881212,669.790016,669.790016
2012-09-11,15.16,30.790001,692.19116,660.590019,660.590019
2012-09-10,15.11,30.719999,700.771188,662.739975,662.739975
2012-09-07,15.22,30.950001,706.151212,680.43998,680.43998
2012-09-06,15.11,31.35,699.401202,676.270004,676.270004
2012-09-05,15.09,30.389999,680.721185,670.230026,670.230026
2012-09-04,14.89,30.389999,681.041167,674.970001,674.970001
2012-08-31,14.65,30.82,685.091148,665.240005,665.240005
2012-08-30,14.67,30.32,681.681192,663.869987,663.869987
2012-08-29,14.84,30.65,688.011176,673.469994,673.469994
2012-08-28,14.72,30.629999,677.25119,674.800011,674.800011
2012-08-27,14.85,30.690001,669.221129,675.679977,675.679977
2012-08-24,14.92,30.559999,678.631162,663.219986,663.219986
2012-08-23,14.87,30.26,676.801144,662.630013,662.630013
2012-08-22,14.92,30.540001,677.181165,668.869995,668.869995
2012-08-21,14.97,30.799999,669.511153,656.059982,656.059982
2012-08-20,14.96,30.74,675.541188,665.150017,665.150017
2012-08-17,15.03,30.90,677.141159,648.110001,648.110001
2012-08-16,14.99,30.780001,672.871179,636.340012,636.340012
2012-08-15,14.76,30.200001,667.541146,630.829979,630.829979
2012-08-14,14.73,30.129999,668.661175,631.690025,631.690025
2012-08-13,15.02,30.389999,660.011122,630.00,630.00
2012-08-10,15.15,30.42,642.001088,621.699997,621.699997
2012-08-09,16.01,30.50,642.35109,620.729988,620.729988
2012-08-08,16.17,30.33,642.231074,619.860008,619.860008
2012-08-07,16.219999,30.26,640.541105,620.910019,620.910019
2012-08-06,16.040001,29.950001,642.821108,622.550003,622.550003
2012-08-03,15.97,29.75,641.331105,615.70002,615.70002
2012-08-02,15.75,29.190001,628.751087,607.789986,607.789986
2012-08-01,15.99,29.41,632.681113,606.80999,606.80999
2012-07-31,15.84,29.469999,632.971076,610.759987,610.759987
2012-07-30,15.98,29.639999,632.301092,595.030014,595.030014
2012-07-27,16.110001,29.76,634.961116,585.159988,585.159988
2012-07-26,15.80,29.16,613.361071,574.88002,574.88002
2012-07-25,15.50,28.83,607.991033,574.970009,574.970009
2012-07-24,15.43,29.15,607.571068,600.919975,600.919975
2012-07-23,15.76,29.280001,615.511071,603.830002,603.830002
2012-07-20,15.92,30.120001,610.821064,604.300026,604.300026
2012-07-19,15.73,30.67,593.060987,614.320015,614.320015
2012-07-18,15.70,30.450001,580.761007,606.260017,606.260017
2012-07-17,15.60,29.66,576.730997,606.93998,606.93998
2012-07-16,15.65,29.440001,574.921012,606.910019,606.910019
2012-07-13,15.74,29.389999,576.520984,604.970001,604.970001
2012-07-12,15.69,28.629999,570.480963,598.900009,598.900009
2012-07-11,15.80,29.299999,571.190952,604.430016,604.430016
2012-07-10,15.82,29.74,581.700981,608.210022,608.210022
2012-07-09,15.75,30.00,586.011028,613.889992,613.889992
2012-07-06,15.78,30.190001,585.981009,605.879982,605.879982
2012-07-05,15.85,30.700001,595.921037,609.939995,609.939995
2012-07-03,15.98,30.76,587.830999,599.409981,599.409981
2012-07-02,15.84,30.559999,580.470983,592.519997,592.519997
2012-06-29,15.83,30.59,580.07099,584.000015,584.000015
2012-06-28,15.45,29.91,564.310939,569.04998,569.04998
2012-06-27,15.52,30.17,569.300956,574.499985,574.499985
2012-06-26,15.35,30.02,564.680974,572.030022,572.030022
2012-06-25,15.44,29.870001,560.700956,570.77002,570.77002
2012-06-22,15.61,30.700001,571.480976,582.099998,582.099998
2012-06-21,15.52,30.139999,565.210969,577.669991,577.669991
2012-06-20,15.74,30.93,577.511011,585.739975,585.739975
2012-06-19,15.65,30.700001,581.530973,587.410027,587.410027
2012-06-18,15.49,29.84,570.850997,585.779976,585.779976
2012-06-15,15.36,30.02,564.510966,574.12999,574.12999
2012-06-14,15.36,29.34,559.050931,571.529984,571.529984
2012-06-13,15.34,29.129999,561.090963,572.160011,572.160011
2012-06-12,15.47,29.290001,565.100939,576.159996,576.159996
2012-06-11,15.30,28.90,568.50097,571.169975,571.169975
2012-06-08,15.65,29.65,580.451011,580.319984,580.319984
2012-06-07,15.36,29.23,578.230986,571.720001,571.720001
2012-06-06,15.36,29.35,580.570966,571.460022,571.460022
2012-06-05,15.10,28.51,570.410999,562.830025,562.830025
2012-06-04,15.01,28.549999,578.590973,564.289978,564.289978
2012-06-01,14.92,28.450001,570.981,560.989983,560.989983
2012-05-31,15.24,29.190001,580.86099,577.730019,577.730019
2012-05-30,15.25,29.34,588.230992,579.169998,579.169998
2012-05-29,15.47,29.559999,594.341038,572.269974,572.269974
2012-05-25,15.36,29.059999,591.53104,562.289986,562.289986
2012-05-24,15.35,29.07,603.661013,565.320015,565.320015
2012-05-23,15.38,29.110001,609.461063,570.559975,570.559975
2012-05-22,15.29,29.76,600.801024,556.970024,556.970024
2012-05-21,15.58,29.75,614.111065,561.279976,561.279976
2012-05-18,15.42,29.27,600.401031,530.37999,530.37999
2012-05-17,14.87,29.719999,623.051081,530.12001,530.12001
2012-05-16,15.28,29.90,628.93108,546.080002,546.080002
2012-05-15,15.40,30.209999,611.111026,553.169991,553.169991
2012-05-14,15.50,30.68,604.001029,558.219986,558.219986
2012-05-11,15.19,31.16,605.231027,566.710007,566.710007
2012-05-10,15.44,30.74,613.661081,570.519974,570.519974
2012-05-09,15.30,30.76,609.151067,569.180023,569.180023
2012-05-08,15.36,30.50,612.79107,568.18,568.18
2012-05-07,15.35,30.65,607.551034,569.480003,569.480003
2012-05-04,15.15,30.98,596.971042,565.25,565.25
2012-05-03,15.40,31.76,611.021029,581.819992,581.819992
2012-05-02,15.67,31.799999,607.261072,585.97998,585.97998
2012-05-01,15.63,32.009998,604.431041,582.130013,582.130013
2012-04-30,15.54,32.02,604.851067,583.979988,583.979988
2012-04-27,15.57,31.98,614.981076,603.000023,603.000023
2012-04-26,15.53,32.110001,615.471065,607.699997,607.699997
2012-04-25,15.50,32.200001,609.721068,610.000023,610.000023
2012-04-24,15.43,31.92,601.271042,560.280006,560.280006
2012-04-23,15.33,32.119999,597.60102,571.699974,571.699974
2012-04-20,15.60,32.419998,596.061026,572.980003,572.980003
2012-04-19,15.40,31.01,599.301036,587.439987,587.439987
2012-04-18,15.49,31.139999,607.451052,608.340012,608.340012
2012-04-17,15.01,31.440001,609.571032,609.699989,609.699989
2012-04-16,14.79,31.08,606.071018,580.13002,580.13002
2012-04-13,14.87,30.809999,624.601061,605.22998,605.22998
2012-04-12,15.06,30.98,651.011129,622.769981,622.769981
2012-04-11,14.88,30.35,635.961067,626.20002,626.20002
2012-04-10,14.99,30.469999,626.861091,628.440018,628.440018
2012-04-09,15.10,31.10,630.841109,636.229996,636.229996
2012-04-05,15.07,31.52,632.321064,633.679977,633.679977
2012-04-04,15.27,31.209999,635.151095,624.30999,624.30999
2012-04-03,15.18,31.940001,642.621081,629.319984,629.319984
2012-04-02,15.46,32.290001,646.921081,618.63002,618.63002
2012-03-30,15.22,32.259998,641.241108,599.550011,599.550011
2012-03-29,15.30,32.119999,648.411083,609.859993,609.859993
2012-03-28,15.32,32.189999,655.761114,617.62001,617.62001
2012-03-27,15.43,32.52,647.021125,614.480019,614.480019
2012-03-26,15.54,32.59,649.331085,606.97998,606.97998
2012-03-23,15.39,32.009998,642.591122,596.050011,596.050011
2012-03-22,15.49,32.00,646.051131,599.340019,599.340019
2012-03-21,15.51,31.91,639.981091,602.499985,602.499985
2012-03-20,15.41,31.99,633.491085,605.959984,605.959984
2012-03-19,15.15,32.200001,633.981075,601.100006,601.100006
2012-03-16,15.18,32.599998,625.041059,585.569984,585.569984
2012-03-15,14.89,32.849998,621.131066,585.559998,585.559998
2012-03-14,14.63,32.77,615.991074,589.580009,589.580009
2012-03-13,14.55,32.669998,617.781087,568.099998,568.099998
2012-03-12,14.49,32.040001,605.151016,551.999977,551.999977
2012-03-09,14.63,31.99,600.251057,545.170021,545.170021
2012-03-08,14.62,32.009998,607.141056,541.989975,541.989975
2012-03-07,14.62,31.84,606.80104,530.69001,530.69001
2012-03-06,14.42,31.559999,604.961036,530.259987,530.259987
2012-03-05,14.62,31.799999,614.251053,533.160027,533.160027
2012-03-02,14.72,32.080002,621.251082,545.180008,545.180008
2012-03-01,14.93,32.290001,622.401069,544.469978,544.469978
2012-02-29,14.83,31.74,618.251043,542.440025,542.440025
2012-02-28,14.90,31.870001,618.391032,535.410011,535.410011
2012-02-27,14.86,31.35,609.311028,525.760017,525.760017
2012-02-24,14.89,31.48,609.901062,522.409981,522.409981
2012-02-23,14.78,31.370001,606.111023,516.389977,516.389977
2012-02-22,14.50,31.27,607.941041,513.039993,513.039993
2012-02-21,14.75,31.440001,614.001035,514.850021,514.850021
2012-02-17,15.01,31.25,604.641054,502.12001,502.12001
2012-02-16,15.36,31.290001,606.521064,502.209999,502.209999
2012-02-15,15.12,30.049999,605.561056,497.669975,497.669975
2012-02-14,15.37,30.25,609.761073,509.459991,509.459991
2012-02-13,16.120001,30.58,612.201036,502.600021,502.600021
2012-02-10,16.139999,30.50,605.911058,493.419998,493.419998
2012-02-09,16.00,30.77,611.461028,493.170006,493.170006
2012-02-08,15.78,30.66,609.85107,476.680016,476.680016
2012-02-07,15.83,30.35,606.771021,468.830009,468.830009
2012-02-06,15.82,30.200001,609.091029,463.969978,463.969978
2012-02-03,15.92,30.24,596.331016,459.68,459.68
2012-02-02,15.72,29.950001,585.110998,455.120003,455.120003
2012-02-01,15.73,29.889999,580.83097,456.189987,456.189987
2012-01-31,15.47,29.530001,580.110995,456.47998,456.47998
2012-01-30,15.55,29.610001,577.691005,453.009995,453.009995
2012-01-27,15.74,29.23,579.980993,447.28001,447.28001
2012-01-26,15.53,29.50,568.100977,444.62999,444.62999
2012-01-25,15.56,29.559999,569.490997,446.659996,446.659996
2012-01-24,15.69,29.34,580.931014,420.409996,420.409996
2012-01-23,15.68,29.73,585.520977,427.409996,427.409996
2012-01-20,15.96,29.709999,585.990995,420.300007,420.300007
2012-01-19,16.120001,28.120001,639.571112,427.750004,427.750004
2012-01-18,15.92,28.23,632.911098,429.110008,429.110008
2012-01-17,15.43,28.26,628.581079,424.700001,424.700001
2012-01-13,15.48,28.25,624.991068,419.810009,419.810009
2012-01-12,15.66,28.00,629.641069,421.389992,421.389992
2012-01-11,15.53,27.719999,625.961061,422.549992,422.549992
2012-01-10,15.51,27.84,623.141078,423.239994,423.239994
2012-01-09,15.46,27.74,622.461047,421.73,421.73
2012-01-06,15.52,28.110001,650.021102,422.400002,422.400002
2012-01-05,15.64,27.68,659.011109,418.029995,418.029995
2012-01-04,15.78,27.40,668.281154,413.44001,413.44001
2012-01-03,16.290001,26.77,665.411118,411.23,411.23
2011-12-30,16.129999,25.959999,645.901096,405.000004,405.000004
2011-12-29,16.129999,26.02,642.401081,405.120007,405.120007
2011-12-28,15.78,25.82,639.701114,402.640003,402.640003
2011-12-27,16.09,26.040001,640.251081,406.529999,406.529999
2011-12-23,16.190001,26.030001,633.141084,403.330006,403.330006
2011-12-22,16.00,25.809999,629.701108,398.550003,398.550003
2011-12-21,15.99,25.76,625.821073,396.450008,396.450008
2011-12-20,15.11,26.030001,630.371091,395.949997,395.949997
2011-12-19,14.62,25.530001,621.831069,382.210003,382.210003
2011-12-16,14.96,26.00,625.961061,381.019989,381.019989
2011-12-15,15.16,25.559999,619.54108,378.939995,378.939995
2011-12-14,15.02,25.59,618.07105,380.19001,380.19001
2011-12-13,15.42,25.76,625.631093,388.809994,388.809994
2011-12-12,15.47,25.51,625.391061,391.839996,391.839996
2011-12-09,15.94,25.700001,627.421106,393.62001,393.62001
2011-12-08,15.61,25.40,616.051052,390.659996,390.659996
2011-12-07,15.62,25.60,623.391096,389.09,389.09
2011-12-06,15.84,25.66,623.771056,390.949989,390.949989
2011-12-05,15.89,25.700001,625.651065,393.01001,393.01001
2011-12-02,16.049999,25.219999,620.361038,389.700001,389.700001
2011-12-01,16.23,25.280001,613.77105,387.93,387.93
2011-11-30,15.71,25.58,599.391032,382.199989,382.199989
2011-11-29,15.70,24.84,582.930979,373.199997,373.199997
2011-11-28,15.35,24.870001,588.190986,376.12001,376.12001
2011-11-25,15.10,24.299999,563.000991,363.570004,363.570004
2011-11-23,14.94,24.469999,570.110989,366.990002,366.990002
2011-11-22,14.97,24.790001,580.000965,376.510006,376.510006
2011-11-21,14.99,25.00,580.941,369.009995,369.009995
2011-11-18,15.38,25.299999,594.881019,374.94001,374.94001
2011-11-17,15.34,25.540001,600.871049,377.41,377.41
2011-11-16,15.72,26.07,611.471075,384.770008,384.770008
2011-11-15,15.93,26.74,616.561075,388.829994,388.829994
2011-11-14,16.00,26.76,613.001022,379.260002,379.260002
2011-11-11,16.27,26.91,608.35102,384.619991,384.619991
2011-11-10,15.95,26.280001,595.081046,385.220005,385.220005
2011-11-09,15.92,26.200001,600.95106,395.279995,395.279995
2011-11-08,15.97,27.16,612.341024,406.229992,406.229992
2011-11-07,15.69,26.799999,608.331048,399.730003,399.730003
2011-11-04,15.24,26.25,596.141037,400.240002,400.240002
2011-11-03,15.48,26.530001,597.501037,403.07,403.07
2011-11-02,15.10,26.01,584.820974,397.410004,397.410004
2011-11-01,14.93,25.99,578.651012,396.51001,396.51001
2011-10-31,15.64,26.629999,592.641022,404.779999,404.779999
2011-10-28,16.559999,26.98,600.141027,404.949989,404.949989
2011-10-27,16.629999,27.25,598.670996,404.69001,404.69001
2011-10-26,16.299999,26.59,586.310977,400.60001,400.60001
2011-10-25,16.24,26.809999,583.161025,397.770012,397.770012
2011-10-24,16.709999,27.190001,596.421013,405.770008,405.770008
2011-10-21,16.120001,27.16,590.491022,392.870007,392.870007
2011-10-20,16.18,27.040001,583.670987,395.310009,395.310009
2011-10-19,15.94,27.129999,580.700968,398.619991,398.619991
2011-10-18,15.47,27.309999,590.510994,422.239998,422.239998
2011-10-17,15.70,26.98,582.41097,419.990013,419.990013
2011-10-14,15.91,27.27,591.681015,421.999992,421.999992
2011-10-13,15.93,27.18,558.990954,408.429989,408.429989
2011-10-12,15.77,26.959999,548.500958,402.190006,402.190006
2011-10-11,15.86,27.00,543.180912,400.289989,400.289989
2011-10-10,15.84,26.940001,537.17091,388.809994,388.809994
2011-10-07,15.47,26.25,515.120881,369.799999,369.799999
2011-10-06,15.65,26.34,514.710902,377.369999,377.369999
2011-10-05,15.92,25.889999,504.700879,378.249992,378.249992
2011-10-04,14.46,25.34,501.900867,372.500008,372.500008
2011-10-03,13.53,24.530001,495.520861,374.600002,374.600002
2011-09-30,13.17,24.889999,515.04087,381.319996,381.319996
2011-09-29,13.42,25.450001,527.500933,390.570007,390.570007
2011-09-28,14.19,25.58,528.8409,397.009995,397.009995
2011-09-27,14.54,25.67,539.340943,399.260006,399.260006
2011-09-26,14.75,25.440001,531.89093,403.170002,403.170002
2011-09-23,14.71,25.059999,525.510893,404.299988,404.299988
2011-09-22,13.99,25.059999,520.660865,401.820011,401.820011
2011-09-21,13.96,25.99,539.200955,412.140007,412.140007
2011-09-20,14.36,26.98,546.630935,413.449997,413.449997
2011-09-19,14.61,27.209999,546.67094,411.630009,411.630009
2011-09-16,14.97,27.120001,546.680926,400.500008,400.500008
2011-09-15,14.89,26.99,542.56092,392.959995,392.959995
2011-09-14,14.55,26.50,532.070924,389.299992,389.299992
2011-09-13,14.26,26.040001,529.520931,384.619991,384.619991
2011-09-12,14.26,25.889999,530.12089,379.939991,379.939991
2011-09-09,14.48,25.74,524.850896,377.479988,377.479988
2011-09-08,14.44,26.219999,534.960932,384.140007,384.140007
2011-09-07,13.61,26.00,534.030944,383.929989,383.929989
2011-09-06,12.91,25.51,522.180887,379.740013,379.740013
2011-09-02,12.87,25.799999,524.84091,374.050003,374.050003
2011-09-01,13.35,26.209999,532.500936,381.030003,381.030003
2011-08-31,13.61,26.60,540.960948,384.830009,384.830009
2011-08-30,13.84,26.23,540.700944,389.989994,389.989994
2011-08-29,13.68,25.84,539.080939,389.969994,389.969994
2011-08-26,12.74,25.25,526.860908,383.579994,383.579994
2011-08-25,12.87,24.57,520.040873,373.720009,373.720009
2011-08-24,13.15,24.90,523.290869,376.180012,376.180012
2011-08-23,13.35,24.719999,518.820861,373.600006,373.600006
2011-08-22,12.84,23.98,498.170868,356.439987,356.439987
2011-08-19,12.92,24.049999,490.920851,356.029991,356.029991
2011-08-18,12.96,24.67,504.880873,366.050007,366.050007
2011-08-17,13.47,25.25,533.150886,380.440002,380.440002
2011-08-16,13.48,25.35,539.000928,380.480003,380.480003
2011-08-15,13.47,25.51,557.230961,383.410004,383.410004
2011-08-12,13.59,25.10,563.770958,376.98999,376.98999
2011-08-11,12.86,25.190001,562.130981,373.700008,373.700008
2011-08-10,11.77,24.200001,549.01092,363.690006,363.690006
2011-08-09,12.09,25.58,573.410976,374.010002,374.010002
2011-08-08,11.09,24.48,546.020929,353.210007,353.210007
2011-08-05,11.74,25.68,579.041019,373.620007,373.620007
2011-08-04,12.00,25.940001,577.520997,377.369999,377.369999
2011-08-03,13.02,26.92,601.171059,392.57,392.57
2011-08-02,12.76,26.799999,592.40099,388.909996,388.909996
2011-08-01,13.10,27.27,606.771021,396.749989,396.749989
2011-07-29,13.10,27.40,603.691033,390.479992,390.479992
2011-07-28,13.50,27.719999,610.941019,391.819996,391.819996
2011-07-27,13.59,27.33,607.221066,392.59,392.59
2011-07-26,13.94,28.08,622.521085,403.410007,403.410007
2011-07-25,13.69,27.91,618.981066,398.499989,398.499989
2011-07-22,13.98,27.530001,618.231071,393.300003,393.300003
2011-07-21,13.59,27.10,606.99102,387.290012,387.290012
2011-07-20,13.48,27.059999,595.351037,386.89999,386.89999
2011-07-19,14.59,27.540001,602.551031,376.849987,376.849987
2011-07-18,14.42,26.59,594.940997,373.800011,373.800011
2011-07-15,14.69,26.780001,597.621053,364.919994,364.919994
2011-07-14,14.63,26.469999,528.940883,357.770004,357.770004
2011-07-13,14.91,26.629999,538.26092,358.019997,358.019997
2011-07-12,14.86,26.540001,534.010911,353.749992,353.749992
2011-07-11,15.05,26.629999,527.280934,354.000011,354.000011
2011-07-08,15.61,26.92,531.990913,359.709995,359.709995
2011-07-07,15.81,26.77,546.600915,357.200005,357.200005
2011-07-06,15.72,26.33,535.360925,351.759987,351.759987
2011-07-05,15.49,26.030001,532.440897,349.43,349.43
2011-07-01,15.45,26.02,521.0309,343.260006,343.260006
2011-06-30,15.04,26.00,506.380861,335.670006,335.670006
2011-06-29,14.89,25.620001,497.570848,334.040009,334.040009
2011-06-28,14.95,25.799999,493.650838,335.26001,335.26001
2011-06-27,14.88,25.200001,482.800824,332.039989,332.039989
2011-06-24,14.89,24.299999,474.880824,326.350006,326.350006
2011-06-23,15.08,24.629999,480.220812,331.230011,331.230011
2011-06-22,15.23,24.65,487.010827,322.610001,322.610001
2011-06-21,15.35,24.76,493.000857,325.299995,325.299995
2011-06-20,14.99,24.469999,484.58082,315.320007,315.320007
2011-06-17,14.70,24.26,485.020818,320.259987,320.259987
2011-06-16,14.78,24.00,500.370859,325.159992,325.159992
2011-06-15,14.81,23.74,502.950872,326.749989,326.749989
2011-06-14,15.20,24.219999,508.37087,332.439999,332.439999
2011-06-13,15.16,24.040001,504.730868,326.599998,326.599998
2011-06-10,15.20,23.709999,509.510871,325.900009,325.900009
2011-06-09,15.22,23.959999,516.730899,331.48999,331.48999
2011-06-08,15.10,23.940001,519.170862,332.239994,332.239994
2011-06-07,15.45,24.059999,519.030874,332.039989,332.039989
2011-06-06,15.45,24.01,521.060919,338.039993,338.039993
2011-06-03,15.68,23.91,523.080917,343.44001,343.44001
2011-06-02,16.02,24.219999,528.060886,346.099991,346.099991
2011-06-01,15.85,24.43,525.60089,345.509991,345.509991
2011-05-31,16.549999,25.01,529.020894,347.82999,347.82999
2011-05-27,16.02,24.76,520.900897,337.409992,337.409992
2011-05-26,15.98,24.67,518.130905,335.000004,335.000004
2011-05-25,16.15,24.190001,519.670899,336.779991,336.779991
2011-05-24,16.139999,24.15,518.260907,332.190006,332.190006
2011-05-23,16.059999,24.17,518.39091,334.39999,334.39999
2011-05-20,16.299999,24.49,524.030877,335.220009,335.220009
2011-05-19,16.35,24.719999,531.250905,340.53001,340.53001
2011-05-18,15.96,24.690001,529.810894,339.869995,339.869995
2011-05-17,16.00,24.52,530.460905,336.140003,336.140003
2011-05-16,15.81,24.57,518.420868,333.299992,333.299992
2011-05-13,16.549999,25.030001,529.550889,340.499996,340.499996
2011-05-12,17.17,25.32,535.050929,346.569988,346.569988
2011-05-11,17.200001,25.360001,535.450922,347.230003,347.230003
2011-05-10,18.549999,25.67,542.660903,349.450001,349.450001
2011-05-09,18.559999,25.83,537.680933,347.599998,347.599998
2011-05-06,18.65,25.870001,535.300948,346.660004,346.660004
2011-05-05,18.43,25.790001,534.270915,346.749992,346.749992
2011-05-04,18.200001,26.059999,535.790937,349.570004,349.570004
2011-05-03,17.92,25.809999,533.890895,348.200012,348.200012
2011-05-02,18.139999,25.66,538.56093,346.279995,346.279995
2011-04-29,17.700001,25.92,544.100914,350.12999,350.12999
2011-04-28,17.51,26.709999,537.970896,346.749992,346.749992
2011-04-27,17.26,26.379999,537.760944,350.14999,350.14999
2011-04-26,17.280001,26.190001,532.820918,350.42001,350.42001
2011-04-25,17.110001,25.610001,525.050923,353.010002,353.010002
2011-04-21,16.85,25.52,525.100915,350.699989,350.699989
2011-04-20,16.870001,25.76,525.730893,342.41,342.41
2011-04-19,16.120001,25.15,521.530875,337.859989,337.859989
2011-04-18,16.35,25.08,526.840874,331.849998,331.849998
2011-04-15,16.620001,25.370001,530.700938,327.459991,327.459991
2011-04-14,16.690001,25.42,578.510962,332.419998,332.419998
2011-04-13,16.639999,25.629999,576.281013,336.12999,336.12999
2011-04-12,16.360001,25.639999,570.610965,332.399998,332.399998
2011-04-11,16.59,25.98,577.370961,330.799988,330.799988
2011-04-08,16.77,26.07,578.160961,335.060005,335.060005
2011-04-07,17.00,26.200001,580.000965,338.079994,338.079994
2011-04-06,17.049999,26.15,574.181004,338.039993,338.039993
2011-04-05,17.110001,25.780001,569.091004,338.889999,338.889999
2011-04-04,16.870001,25.549999,587.681025,341.189999,341.189999
2011-04-01,16.84,25.48,591.801031,344.560009,344.560009
2011-03-31,16.68,25.389999,586.761023,348.510006,348.510006
2011-03-30,16.74,25.610001,581.840969,348.630009,348.630009
2011-03-29,16.75,25.49,581.731,350.959995,350.959995
2011-03-28,16.58,25.41,575.361011,350.44001,350.44001
2011-03-25,16.959999,25.620001,579.741022,351.540009,351.540009
2011-03-24,16.83,25.809999,586.891025,344.970005,344.970005
2011-03-23,16.129999,25.540001,582.161012,339.190006,339.190006
2011-03-22,16.360001,25.299999,577.32097,341.200012,341.200012
2011-03-21,16.290001,25.33,576.501012,339.299995,339.299995
2011-03-18,16.030001,24.799999,561.060943,330.669998,330.669998
2011-03-17,15.86,24.780001,561.360953,334.639996,334.639996
2011-03-16,15.91,24.790001,557.100958,330.01001,330.01001
2011-03-15,16.33,25.389999,569.560961,345.429989,345.429989
2011-03-14,17.309999,25.690001,569.990973,353.560001,353.560001
2011-03-11,17.42,25.68,576.710964,351.990005,351.990005
2011-03-10,17.059999,25.41,580.300975,346.669991,346.669991
2011-03-09,17.65,25.889999,591.771012,352.46999,352.46999
2011-03-08,16.940001,25.91,592.310993,355.759998,355.759998
2011-03-07,16.700001,25.719999,591.661043,355.359989,355.359989
2011-03-04,17.08,25.950001,600.621031,359.999989,359.999989
2011-03-03,16.860001,26.200001,609.561046,359.560005,359.560005
2011-03-02,16.629999,26.08,600.791038,352.119995,352.119995
2011-03-01,16.10,26.16,600.761019,349.309998,349.309998
2011-02-28,16.40,26.58,613.401076,353.210007,353.210007
2011-02-25,16.50,26.549999,610.04105,348.160011,348.160011
2011-02-24,16.370001,26.77,608.821038,342.879997,342.879997
2011-02-23,16.58,26.59,611.321039,342.619991,342.619991
2011-02-22,16.91,26.59,610.211058,338.609993,338.609993
2011-02-18,17.66,27.059999,630.081068,350.560013,350.560013
2011-02-17,17.77,27.209999,625.261058,358.300003,358.300003
2011-02-16,17.76,27.02,624.22104,363.129993,363.129993
2011-02-15,17.200001,26.959999,624.151076,359.900013,359.900013
2011-02-14,16.889999,27.23,628.151067,359.179996,359.179996
2011-02-11,16.85,27.25,624.501078,356.85001,356.85001
2011-02-10,16.620001,27.50,616.441059,354.539997,354.539997
2011-02-09,16.43,27.969999,616.501036,358.16,358.16
2011-02-08,16.60,28.280001,618.381046,355.200012,355.200012
2011-02-07,16.799999,28.200001,614.291059,351.87999,351.87999
2011-02-04,16.790001,27.77,610.981024,346.50,346.50
2011-02-03,16.690001,27.65,610.151019,343.44001,343.44001
2011-02-02,16.57,27.940001,612.00107,344.320004,344.320004
2011-02-01,16.379999,27.99,611.041063,345.030006,345.030006
2011-01-31,16.120001,27.73,600.361026,339.319996,339.319996
2011-01-28,15.83,27.75,600.991004,336.100002,336.100002
2011-01-27,16.200001,28.870001,616.79106,343.209991,343.209991
2011-01-26,15.57,28.780001,616.501036,343.850006,343.850006
2011-01-25,16.02,28.450001,619.911054,341.39999,341.39999
2011-01-24,16.09,28.379999,611.081068,337.449993,337.449993
2011-01-21,15.97,28.02,611.831063,326.720001,326.720001
2011-01-20,16.23,28.35,626.771094,332.680004,332.680004
2011-01-19,16.309999,28.469999,631.751064,338.840012,338.840012
2011-01-18,16.50,28.66,639.631089,340.650013,340.650013
2011-01-14,16.809999,28.299999,624.181096,348.479992,348.479992
2011-01-13,16.75,28.190001,616.691077,345.680008,345.680008
2011-01-12,16.65,28.549999,616.871071,344.420006,344.420006
2011-01-11,16.58,28.110001,616.011046,341.639996,341.639996
2011-01-10,16.60,28.219999,614.211048,342.450001,342.450001
2011-01-07,16.90,28.60,616.441059,336.120003,336.120003
2011-01-06,17.059999,28.82,613.501059,333.729988,333.729988
2011-01-05,16.91,28.00,609.071056,334.000008,334.000008
2011-01-04,16.59,28.09,602.121019,331.290012,331.290012
2011-01-03,16.75,27.98,604.35103,329.57,329.57
